customer_id,age,occupation,city,monthly_income,account_age_months,risk_segment
ae7af4cc-a2b3-442d-a998-b7cc036c2854,49,Salaried,Hyderabad,233118,144,Medium
78bf4aa8-873b-471b-9d8c-859415886c80,35,Freelancer,Bengaluru,22813,165,High
10df122a-a8a6-414a-8062-cbfa2aa3792b,31,Self-employed,Bengaluru,108106,63,Medium
e64b87e6-51ea-4824-bd16-f11b2445072f,46,Salaried,Delhi,242286,179,Medium
28a6c88a-2c42-4e4c-a4e5-90806c057dc4,49,Student,Hyderabad,159097,9,Low
825908f8-9acf-44a4-8bd8-6e3649e93d74,55,Student,Mumbai,160360,146,Low
51eb5d4b-dabd-487d-babd-6478ffe05365,35,Salaried,Hyderabad,228030,124,Low
597c8086-21ea-408d-9e1a-8711481f4e94,52,Salaried,Bengaluru,163554,135,High
573281bd-e397-403f-9bfe-4c37c5500ad3,23,Self-employed,Pune,299186,86,Medium
f9f10a4f-44a0-446e-85fe-1fe5ed47cc6e,48,Student,Hyderabad,259459,26,Medium
2ae74b79-a71b-49af-83c9-e1c1affb2ec9,57,Student,Bengaluru,227943,89,Low
fcfca89f-db1b-4336-b6f7-27d4359e25f7,39,Student,Mumbai,63901,136,High
bbe95590-3823-4c63-9de9-61586e057a2f,21,Self-employed,Mumbai,282770,63,High
74b5217d-d00e-46e3-90dd-1bcb6588cefd,58,Student,Chennai,256531,20,Low
52b13001-c5f1-4b5b-ade8-580fd06c882b,45,Salaried,Bengaluru,194362,29,Low
4e026bb1-7f1a-4561-b70c-80cb1d2f55fb,35,Business,Chennai,41385,32,Low
56aa7954-309f-41ca-94b2-77ed1ef5822b,45,Freelancer,Bengaluru,245983,150,Low
f739c757-de2f-4b5e-971b-1cc5bee7f9ad,47,Self-employed,Chennai,220390,179,Medium
05d02fee-ac41-4cbc-9704-92eb67a82ae3,27,Salaried,Hyderabad,176779,136,Medium
2c4bd37e-8f67-4b33-86ca-6306b4ed6d4c,44,Business,Hyderabad,207860,65,Low
2cea4c9e-fd08-4934-94e0-4ce207182e0e,35,Freelancer,Chennai,161323,158,Medium
c07de52a-9993-4e87-bd8b-61e48bd39215,34,Student,Chennai,62837,22,Low
4ea731a3-7e3c-47cc-88c5-a40adbc17aea,40,Salaried,Delhi,43541,14,Low
aad94e21-b51f-45ea-932d-c7a5f1aef35e,42,Business,Pune,89744,122,Medium
e4331fb2-8fcb-4d38-925e-756c5a477e19,44,Salaried,Mumbai,246809,77,Medium
529555b0-e450-4e23-992c-ff0e5f6e21f4,33,Salaried,Pune,269346,77,High
db09332b-f41e-40c1-85b5-fa44ae463b93,50,Freelancer,Delhi,269225,69,Low
2e8b0905-b74e-44c2-9cbc-32288ba75aeb,51,Student,Chennai,175081,171,Medium
69b62b9d-f8ca-49cc-812b-34889671da42,31,Student,Bengaluru,172215,50,Medium
1d0dda18-d18c-4fdd-bf28-bbf2f0f11418,58,Salaried,Hyderabad,79288,174,Low
d98800f8-470c-4a56-9898-02e26641fa4b,42,Self-employed,Chennai,196002,93,Medium
d54f9d99-1f41-458b-99f9-96cc7e01353d,37,Salaried,Bengaluru,221376,81,Low
b9c41d88-1c53-439e-b85a-951e04d9af79,35,Salaried,Mumbai,184631,85,Low
34dea30c-700d-415e-a5a6-17bc8ca10e41,42,Freelancer,Mumbai,257997,97,High
3d5cfa74-c4a1-4d21-8682-ea4cf2b67de6,52,Freelancer,Bengaluru,220735,102,High
ae222ec6-c6b2-4c39-99c0-0626bf2df35c,53,Freelancer,Chennai,64153,38,High
5b1cffd2-20ff-43bd-a939-3df9695321b7,50,Self-employed,Delhi,191076,166,Low
6b08a8e0-159c-42b5-825c-755689c0dfda,46,Freelancer,Delhi,234724,155,Low
df99f722-c051-48ab-a23b-747d6fc1f6fb,58,Salaried,Pune,123737,108,Medium
3060e4e3-7a34-44d6-8957-40e9af077c33,35,Self-employed,Pune,244465,111,Medium
c8cc6ccf-bde1-48bf-b03b-c29f0425b802,60,Self-employed,Bengaluru,24078,66,Low
c42ce137-8b9e-483f-85e1-433bee8c8bfd,26,Business,Mumbai,250458,14,Medium
c2aec922-8dc2-4186-8141-f1aeed254d3f,29,Freelancer,Delhi,251293,108,Low
010311ac-e9e0-41e0-b2af-440e8a49b1d2,52,Student,Bengaluru,140150,46,High
5ba0c1cc-0b43-4f3d-adc9-74551627efc9,28,Freelancer,Hyderabad,105827,77,Low
4552eb85-2443-4552-896a-cb4b061b1062,40,Self-employed,Hyderabad,274931,67,Medium
4c588493-c863-4a61-b4d8-e659772edcb1,27,Freelancer,Mumbai,39826,89,Low
0785a429-285a-42c6-9305-c499b9c88c68,24,Freelancer,Hyderabad,113511,139,Medium
9615b6a6-6a9d-4bf6-80d0-67b3aaec6dda,42,Self-employed,Pune,174033,159,Medium
19200dce-fe82-42fc-892a-d6b875ea2c46,34,Freelancer,Bengaluru,113818,17,Low
d54f07ea-0a20-4be4-b8f0-013e6ed5e1eb,32,Business,Mumbai,156398,146,High
f9682774-e304-4b89-957d-6fe6e79a82c6,39,Business,Bengaluru,147632,60,High
d4fbe591-50eb-4a8d-98ec-e1c5bde6fa26,28,Freelancer,Bengaluru,85316,124,High
144fdf79-2a4c-433b-a850-57db8b413c3a,52,Self-employed,Delhi,279500,56,High
db6fcd70-b73d-41fd-9cf4-1b3629e3387a,38,Student,Pune,235971,151,Medium
a6ef6ac7-8cfa-472c-8ecf-d961c3c7278a,42,Freelancer,Delhi,293226,42,High
f7906b3c-6ca4-44ae-a92b-690bff2d7384,23,Student,Mumbai,280064,161,Low
5259f6d7-a8fb-4ddd-83a7-cc89ba6a6471,55,Student,Mumbai,286090,98,Low
6e7ff357-3abb-4724-b5f4-fbdfdec22b14,35,Freelancer,Bengaluru,293453,102,Low
7dbf33d9-dd4b-4cf9-9d32-8c71d379216e,44,Self-employed,Pune,74321,153,Low
9166aaf0-3baf-44c1-a973-826adb2121e7,40,Business,Hyderabad,116757,157,Medium
25953c94-e86f-4a89-850c-4149789b63fa,56,Salaried,Hyderabad,281847,122,Low
758b050a-ece2-486c-9629-77e74631242a,56,Self-employed,Delhi,46585,71,High
6c76bcc5-f290-41b5-820c-94024ec0be2a,32,Self-employed,Delhi,294922,136,Medium
6242b8b9-95d3-49c5-b546-bf137681185a,38,Business,Pune,194436,45,Low
ab84b603-aed1-4103-8778-ac94964b34a6,35,Salaried,Mumbai,275116,104,Medium
7754ea27-5cf2-411d-97e3-eed495c44dfa,56,Business,Pune,34975,92,Low
9c277b31-47a3-4941-95e1-646816a11a0d,34,Business,Pune,212133,7,High
b5de23f5-5a39-4ac4-bc70-0b1ca6a20d05,58,Freelancer,Pune,79324,46,Low
b1fd4fbf-bce7-472c-923a-419d57126f35,34,Salaried,Delhi,181205,89,High
c2d38a65-dc86-44f0-8619-48de36eefede,59,Salaried,Delhi,252697,75,High
ab3872a9-c5e3-4d9f-b2d9-b4b371ba6045,45,Student,Chennai,116520,33,Low
55f94da8-7721-461d-9a7f-2e48db10d65e,60,Freelancer,Hyderabad,159832,169,Low
a07f232e-81b6-4771-9383-55ed847aa367,51,Freelancer,Mumbai,247750,144,High
7443e349-1158-436f-b7b5-34024db915e0,23,Self-employed,Mumbai,198305,123,Medium
eaef127c-7638-4781-ab12-26fba4fce888,30,Salaried,Delhi,217332,81,Medium
8a089696-6b27-47da-b689-ac3000d0c38d,21,Freelancer,Pune,126453,138,High
4abf6937-7e59-4712-a606-a6f9299fffb9,28,Self-employed,Pune,260011,176,Low
38d197ef-675c-4054-ace4-5814c35a2528,40,Salaried,Delhi,228567,33,Medium
58008288-580e-44b6-8f8d-c76e2479e6b2,57,Freelancer,Delhi,231184,170,Low
accf29b1-a9c9-44f1-8006-ab8e5911ed21,48,Student,Pune,238536,116,High
317df0c0-7b2c-455b-9f8d-97bc715a91f6,40,Self-employed,Bengaluru,164381,119,Medium
f9b02f55-dd39-47f7-bbe9-b54ad5bb745f,57,Freelancer,Bengaluru,212576,25,Low
6517a312-af09-4316-90f4-68acfda307f1,49,Student,Pune,277425,6,Low
a4aaaef9-9015-409b-bfbb-e2415aee7b03,55,Salaried,Pune,185102,64,Low
c3f4b0c3-213d-4210-82cd-8f24960d02c6,34,Freelancer,Mumbai,175928,17,Low
54174a82-eae4-48d8-bcd6-14b564c51b8d,40,Salaried,Hyderabad,134273,48,Medium
fc220e05-7e31-4fe7-bdc1-35e548e62722,54,Freelancer,Chennai,211733,55,Medium
9ba610c5-f26e-4ed8-8a24-483f65bc5ca1,51,Self-employed,Hyderabad,161470,176,High
85532bda-6997-4dba-b730-cdf7dfd7238e,58,Self-employed,Pune,24110,89,Medium
6617ce20-99e5-4929-b59b-fa49d1d26179,36,Salaried,Hyderabad,54062,129,Low
af28e9be-ac1f-435a-997a-ef72eb223d38,41,Business,Hyderabad,136863,134,Medium
6a9eedcd-0644-4290-be59-c0ae852b58cf,52,Student,Bengaluru,169268,107,High
dbc884fd-a767-463d-b2b9-a3a40c010746,54,Self-employed,Delhi,125677,60,Medium
15f5a05b-7d28-4434-b8f8-c07eece8fb3d,30,Business,Pune,161649,163,High
c787835f-d18c-4633-b19c-c880468e1379,37,Self-employed,Chennai,43625,31,Medium
56474b40-d60f-4e71-9337-0ccf76e13f14,60,Student,Pune,51487,118,Medium
a6c37420-4181-49f2-88cd-8564b060c5bf,45,Business,Bengaluru,188895,51,Medium
aa44ead2-baff-4e53-b9f3-67692165327e,39,Student,Delhi,116376,36,Low
187898fa-3f59-4151-8e49-ae394d1f2b5f,25,Self-employed,Delhi,258341,110,Low
99f520ba-e7e5-48e2-bc26-baf2ca66943f,48,Freelancer,Mumbai,125169,68,Low
196c17c9-d973-4249-a881-64433e56c183,53,Freelancer,Mumbai,20704,174,Medium
e74cfed8-4a14-46bd-b2ed-399dfd088b15,33,Student,Mumbai,233200,78,Low
f122a52d-edc5-46ce-b8b8-6e78c5c32dd4,33,Salaried,Bengaluru,133516,164,Medium
06abd6ae-2529-447e-a5d5-66755ca39cc0,31,Self-employed,Hyderabad,212096,73,High
307c6b5c-5ec4-4a0d-9086-5360023cba1b,24,Freelancer,Hyderabad,247549,107,Low
67238e63-3a5b-4c74-be7c-9789b42be1a3,26,Student,Pune,281258,87,Medium
bc71f210-4392-47e1-bb71-3018325401fb,39,Self-employed,Pune,260014,114,High
123902a1-2857-4c13-b8b9-5917cb608416,44,Self-employed,Hyderabad,280856,59,Low
bdc3e051-b247-48e8-aa38-e0ff771deda5,45,Salaried,Delhi,130142,148,Low
6c1f55cd-1b50-4e66-9b5a-f17e5c618a93,27,Salaried,Bengaluru,42723,148,Low
ee8ccbe3-12d4-400a-b8ba-5adfffc44866,39,Salaried,Hyderabad,155180,65,Low
6fcf0ed4-e46e-4fe3-9c53-91a0ecff8218,45,Freelancer,Hyderabad,177396,166,High
aa066698-fdfb-4d66-85cf-3ed1c493979e,55,Student,Bengaluru,154999,177,High
400ddadb-960a-4ab7-93c7-f6125c2b44fa,46,Freelancer,Delhi,94973,16,Medium
4801a567-7254-4804-ad82-f91a5d1b2207,28,Business,Bengaluru,251386,115,High
24e5a380-b3d6-4393-b1fc-acc96758267f,41,Student,Bengaluru,122522,31,High
30baab49-3aaf-4843-bbb3-00369f250b2c,22,Student,Pune,283615,161,Low
d227acba-ffdd-4e17-a085-3e295416693e,49,Business,Bengaluru,46348,159,High
ba33a242-f561-43f5-8d2a-d7d66602beaf,32,Business,Mumbai,150832,138,Medium
c36dc805-3bbb-4356-bcbb-8c7639202c54,57,Self-employed,Hyderabad,96889,49,High
2493d688-df4f-4062-961a-798ef0ca9bc8,35,Salaried,Delhi,61819,48,High
b64cd43f-2241-4389-9de4-cbb910274303,41,Business,Chennai,227781,156,Low
0f5d3a9c-8552-4c62-92cf-05a774fbc4f9,35,Business,Mumbai,74182,30,Low
94086c38-7f1e-4005-904d-e0b44f9a72dc,31,Business,Delhi,143803,56,Low
d482fb37-2daa-4c6a-9be8-e8edd19af87b,41,Salaried,Delhi,60379,146,Medium
491a82d8-6691-4d97-9231-44a854420fb0,39,Salaried,Hyderabad,273517,39,High
af7bf7ae-e2cc-4cfa-8412-d4c365e5f525,24,Business,Delhi,152084,122,High
4c591b56-b1b2-4fc9-a23c-5c8aae9eb95c,47,Freelancer,Hyderabad,238725,162,Low
98a3c19f-5be3-4764-b52a-7e4d70f734cd,48,Self-employed,Bengaluru,218502,40,Medium
d94a9e05-7bf7-48a3-81fc-c3cababcce82,56,Self-employed,Pune,136999,163,Medium
76392ba2-63c4-4b7e-b2d8-23822873e2a2,33,Business,Bengaluru,27289,137,Low
eaf54b35-bf8c-4311-994b-dee43997bd6a,45,Business,Bengaluru,246513,99,Low
a360db57-4b68-4cf3-9dd1-cead46efd051,51,Freelancer,Mumbai,245662,113,Low
bc67c455-4eb7-4418-ad17-727ad3e61f7e,59,Self-employed,Hyderabad,194785,146,High
43090b80-a059-4a98-85bc-f1b6cc54a24f,27,Business,Pune,78646,61,Low
52d59ae2-8281-404c-9589-3118682c4b67,56,Salaried,Hyderabad,236097,89,Medium
e27d5713-70d4-4e18-9664-52082fc8c2b1,27,Student,Hyderabad,122971,59,Medium
ec54ff5f-98e6-4670-85ad-f3e4434128eb,33,Salaried,Bengaluru,253976,124,Medium
c3100318-0106-45e0-acd2-4a01103ecdf3,41,Self-employed,Mumbai,211501,142,High
a6885498-93ca-4cb0-892f-d55488823dd9,29,Business,Mumbai,198321,20,High
ff234e33-0420-41cc-acf7-c9a5549cb917,44,Self-employed,Mumbai,96929,127,Low
4a85b462-7353-4b04-ad53-a5045896cd3f,28,Salaried,Bengaluru,250128,157,Medium
0cdf28ca-287b-4c6c-8f63-399a8a426628,46,Business,Hyderabad,134503,96,Low
b2961b92-8ea9-459b-ad1e-00a4bc4ac0b1,24,Business,Chennai,49084,55,Low
284eb411-1272-451f-8955-43117e8add19,39,Business,Chennai,120111,105,Low
352f95b1-02f1-4eda-a63a-700da9001b2d,59,Business,Delhi,153299,94,Medium
ea1d2cff-3ad6-4414-8c65-c9eb971a2f5d,56,Student,Delhi,249386,74,Medium
f8eea80f-d3c9-43cd-b732-5bc4f93d97c7,55,Business,Bengaluru,210246,113,Low
318ae3c2-930c-45e9-a863-753b1b1f2b3b,53,Self-employed,Chennai,32633,124,Low
3634df9a-24c9-496a-944b-bb4b885b1b7d,42,Self-employed,Hyderabad,64104,42,High
5fe98e4e-2bbe-4d04-9a7f-1889de3870db,55,Student,Delhi,31014,165,Low
f1ce620d-f331-4297-9255-28bd11f04ad8,30,Student,Hyderabad,106658,83,Low
f6ae029b-fd75-4e20-81bc-f09b9a8b996d,45,Freelancer,Hyderabad,261860,7,Medium
fad2c601-a885-4355-a206-a476790f3e34,55,Salaried,Pune,32727,12,High
dc5d3448-bec8-4595-a212-df81a09c8618,23,Business,Pune,272681,47,Low
de17fb6e-7d90-455a-af58-e917c8cf8df8,31,Student,Bengaluru,141888,29,Medium
d7060563-4f8c-4093-8a99-7c9d132ab640,52,Salaried,Pune,91329,172,High
825f2143-3387-4b59-9dab-bc6ac39741fc,56,Salaried,Bengaluru,185604,102,Low
56bdac06-cf43-4dd4-8f0c-62d152295f03,23,Salaried,Pune,219451,78,Medium
9afdedee-07a2-4be1-ae58-677e65f29f08,53,Salaried,Delhi,46367,128,Medium
be91e568-fa02-48be-aa8f-55ffd94a5488,59,Self-employed,Mumbai,249565,18,Medium
67e62071-010e-4881-8d6d-dd748c7ef421,22,Salaried,Pune,87240,10,Medium
89212f56-c395-4d01-9c1e-69df7e029cd4,41,Self-employed,Pune,150327,13,Medium
523a5904-df4d-4f88-b609-882bba48af75,23,Student,Hyderabad,180575,49,Low
a9aa2242-d703-4be3-b4ba-58090e733202,26,Student,Hyderabad,89069,135,High
c2b4c5c4-a983-4246-9f7e-45dc2c5ef07b,22,Business,Delhi,266051,107,Low
0bb02889-7583-4ee6-9bae-6a4130194835,55,Student,Pune,204648,103,Low
3b749332-9630-48c8-afd4-f5d3b0e905a1,50,Student,Chennai,286830,121,Low
26f5ef9c-b95a-46f1-b38a-8666c03d9bb3,56,Freelancer,Bengaluru,146733,82,Medium
9fffdc30-56ee-49e0-b535-8b46fabbfd4f,36,Freelancer,Bengaluru,287670,111,Medium
18e2c5d7-17bc-415b-b4ce-f1c8f6c48395,36,Freelancer,Mumbai,245008,17,Low
0ccbe469-c01b-433e-933a-7025a16b62c5,36,Self-employed,Delhi,175400,145,Medium
778a0d9f-47af-4167-a0be-9e6f4cf64ddc,40,Freelancer,Mumbai,166175,8,Low
19da1ef7-092a-41c6-b30d-3540cae45f4a,50,Freelancer,Hyderabad,246055,28,Medium
7cede0ee-0c8c-45ae-b066-3753fcb2eff2,60,Salaried,Mumbai,117747,123,Low
b81ffafa-b375-4954-b493-fef7c638e25e,40,Student,Pune,237724,109,Medium
39ec0a97-9e5a-4369-900d-378d2b10d46e,21,Salaried,Hyderabad,208783,126,Medium
1af2ca00-0784-4e7e-a6b6-1e17805a5ec5,41,Student,Bengaluru,228277,89,High
4a97198b-e351-4f54-ae6a-b52fb5866df6,42,Student,Chennai,232029,37,Low
db6d4ea7-64da-4b34-8635-442de3787577,36,Self-employed,Chennai,134968,43,Low
de8becac-99ca-4b1a-89d5-1cbba872c528,54,Salaried,Bengaluru,24715,147,Low
532fedfe-4743-4da4-903d-a82117d85806,43,Freelancer,Chennai,134264,119,High
c4b84a00-4ade-4208-b117-36a1abf9ccd0,41,Self-employed,Mumbai,139481,7,High
dcb609d9-1e16-48d0-b36f-7c57fc9a8238,29,Student,Delhi,193936,80,Low
64f97dde-bd35-4f38-96d4-a69c559bf518,43,Freelancer,Pune,53067,159,Medium
874c5893-0c4e-4ef8-b519-03e4257d8308,38,Student,Hyderabad,51035,60,High
f6de3435-b3bc-47b2-b968-1a7bc6a741d2,55,Student,Chennai,105373,155,Medium
979b9739-d423-4e2c-bf34-89b840c8948d,35,Salaried,Bengaluru,80450,91,Medium
75610d3e-8f91-403e-8c28-ce215ae90014,57,Freelancer,Hyderabad,217043,17,Low
0374b602-d54d-4e32-a308-7f01fc79b569,58,Salaried,Delhi,243590,87,Low
1b8e2847-0172-4160-bcd4-ebff8d71f55c,55,Student,Bengaluru,102468,163,High
8d299819-857a-49ba-b4c1-e5c30538470d,50,Freelancer,Chennai,206703,139,High
a39b9296-5e4d-44d6-8227-bf8f72634433,36,Student,Bengaluru,198362,12,Medium
97fddc03-a9da-48f4-96cf-80297a0a7cfe,29,Freelancer,Bengaluru,55461,148,Low
9f2db2e3-7b3b-44cd-81b5-619bbc855271,55,Freelancer,Pune,127020,71,Low
35c05f19-93ef-4c54-a625-7978c160eadd,55,Business,Chennai,35609,25,Medium
13d2b25e-400d-4d47-ba76-8e3ecd99897a,30,Salaried,Hyderabad,201321,30,High
be816280-de7b-4615-a3a1-b6a8bca8661c,56,Business,Chennai,44984,100,High
cee66f6e-4b75-4030-9b69-62cbf56b1c2f,21,Salaried,Hyderabad,20901,115,High
eacba7e6-27ba-4204-9e0c-21bb0228e22c,23,Freelancer,Bengaluru,183757,174,Medium
22b7a669-6a7c-4c79-b8f3-e05859cfd1b9,45,Freelancer,Bengaluru,38429,146,Low
d1d2912f-4360-4d2f-9a5f-fff693b85534,28,Business,Pune,263289,154,Low
7db78e61-e9ff-484c-969b-71b199abc245,24,Business,Pune,251513,30,High
4c4b5494-5cfd-4bc8-9439-8e15529a0496,24,Salaried,Hyderabad,46822,178,Medium
c871e32d-2b7e-42b5-82f1-60da7c37af0f,52,Salaried,Delhi,22967,97,Low
85bf94e5-25b3-4060-b7d9-bed2483fac9a,51,Self-employed,Pune,223524,83,Low
def4d5b5-9968-4033-91a0-c50fa401d96c,38,Salaried,Chennai,43179,65,Medium
92df6901-e635-446a-95b7-b38c340b0229,26,Student,Pune,50262,165,Low
b5d28c60-70d3-4397-9f12-fbf717631e99,43,Self-employed,Mumbai,75545,36,Low
3e78e1a7-8b74-4bec-9ec2-92e134f8c124,30,Self-employed,Hyderabad,57913,94,Medium
f160eb52-cdf8-4911-9cdc-bab949f301df,31,Freelancer,Chennai,265497,164,Medium
19cc8033-c93f-441e-9b84-47fe4f31acad,43,Salaried,Chennai,171104,88,Medium
ddbca1c4-bbd3-4c48-a17d-ca66c775fcb0,55,Self-employed,Delhi,59936,154,Low
93999678-542d-4f81-9f3c-68d66d893149,48,Self-employed,Delhi,217056,120,Medium
c67f3d52-9b20-4ddd-a1ab-7a62aa5e05e4,36,Salaried,Chennai,152478,149,Low
f67e0540-e82b-4859-b9a2-ba165c0b611c,53,Student,Mumbai,169363,9,Low
5066fb55-ff65-432e-988e-1b2c88c4d14f,59,Student,Delhi,61851,45,Medium
a7e96127-3efd-4d8e-8f91-1f39e2deb00e,57,Self-employed,Bengaluru,38312,108,Medium
385e4481-f447-4a11-b516-19a1c98050e7,56,Self-employed,Bengaluru,214900,129,High
81e214b7-e774-4ab7-8cd8-a45b206b526d,57,Business,Hyderabad,264062,121,Medium
75902853-601b-44a1-b70a-32a49e24e795,55,Self-employed,Delhi,72022,12,Medium
41015c15-f332-4608-a04b-ef72a4adfb71,27,Freelancer,Mumbai,114853,91,Low
5fd4be1b-72d1-4d8d-a379-9f54a627fc40,22,Self-employed,Chennai,208021,67,Medium
89dbbec7-25da-445a-905c-0e1688e69cea,41,Self-employed,Delhi,104818,84,Low
6563e3d7-98e0-47d5-878d-0fa4bb8f0ec0,43,Salaried,Mumbai,169249,63,Low
74f38f7f-bfef-474e-9e4b-263409cb75a4,25,Salaried,Mumbai,151614,70,High
5f6673cd-f1b7-4f5d-9a6f-966f5065e909,41,Self-employed,Bengaluru,75428,87,Medium
2155d25d-0429-4dcc-ac95-2a3ec11440c1,52,Business,Chennai,193148,169,High
5158e017-8503-4ab1-9332-822c7990add1,41,Freelancer,Bengaluru,150870,57,Medium
7d6925fb-3b78-4d04-91db-5e04700eedc5,46,Self-employed,Hyderabad,135575,39,High
f5a617fd-5e1c-481b-a664-3a936f8558e3,38,Self-employed,Mumbai,240019,162,Medium
4fadfb13-32a5-403d-ae50-2d07b0ed2ce4,41,Freelancer,Chennai,271553,47,Medium
1a66bc56-5089-4782-bc4a-84b3bdade66a,37,Salaried,Chennai,68352,125,Medium
feade77b-ee89-40ce-b4bc-ff7f5f8f2fb9,22,Freelancer,Delhi,119576,65,Low
bf4ca5d2-fbc4-4dc2-8a1a-bbe3b98b470d,49,Student,Mumbai,18631,102,Medium
7a0f8b45-2058-42e7-8429-57c37cc6cfe4,60,Student,Chennai,235169,26,Low
d26fbc13-1b92-45da-8432-1e59ba2808ca,31,Salaried,Hyderabad,268211,39,Low
b500b8a6-4222-47e3-b0a5-88feeeb0b041,28,Freelancer,Bengaluru,234861,84,Medium
b3d942cc-1d25-40be-bf48-e3be47650fcb,43,Student,Chennai,22099,93,Low
85b0ed59-83f9-4891-949b-445369b056df,39,Salaried,Hyderabad,71492,74,High
c38b2ef6-95a0-40d1-a33d-d2c4d7a42ae3,21,Student,Mumbai,45111,92,High
1dae73a3-3cc5-4845-a01c-cdb7b49bd0ba,28,Freelancer,Delhi,238332,82,High
7a5f2374-be32-4cf1-8064-8763f7af53cf,43,Freelancer,Mumbai,264031,48,Medium
37a6dcb5-0fa3-40f6-8ab2-01543eff7c7f,44,Student,Pune,284932,157,Low
00a9b1b3-9000-45f4-b516-28f07dabfa2f,25,Salaried,Mumbai,222888,153,High
9d6538bd-21a5-442f-990a-4a66a035bfb4,51,Student,Bengaluru,109439,115,Medium
859f7571-cd0d-4721-886c-ab50288ca0e0,31,Freelancer,Hyderabad,63355,148,High
e4d58512-ee7d-4cd0-b990-bbf4eeaae319,27,Business,Hyderabad,249706,33,High
ebd4dec8-3503-45fc-8ece-c4700fc2e00d,25,Student,Pune,174210,10,High
64a60a7a-3ee1-4f8e-b926-15ed8e21322e,52,Self-employed,Chennai,119797,13,Low
5a4a0341-c547-43a6-ba94-e6df6defc135,30,Business,Hyderabad,151511,43,Medium
24b4db53-8cda-4639-9e45-704d52654ee8,48,Freelancer,Pune,93815,86,High
f6567021-10b0-43c2-8ecc-ebc729658180,28,Freelancer,Delhi,163702,109,Low
108774d6-5370-4068-9c6d-6622ceccdfc6,29,Salaried,Delhi,142896,54,Low
39337c84-61b6-4143-b1d9-60879f887ac7,24,Freelancer,Pune,197051,83,Medium
339000fd-ac18-4faf-bbe6-379d49289d0e,45,Freelancer,Delhi,188672,127,High
e700a115-7599-4172-bb79-8f40b5fe77e6,30,Business,Chennai,284054,154,Medium
1bd39a9b-8f4d-4b42-b95c-6ee4c32c85f6,33,Business,Delhi,294297,165,Medium
298f556f-cc00-481c-a771-a1a512927f2b,36,Freelancer,Pune,127990,37,Low
eb02efde-7153-4416-af21-1166404df1e9,54,Self-employed,Bengaluru,206775,16,Medium
323bb5e3-6868-47db-81e1-9a3c7c07414a,35,Business,Delhi,162977,22,High
209b7380-20c1-44e7-94a3-107865000814,29,Business,Delhi,104489,158,Low
794295a8-1007-4de5-b5c5-b0e61dbe3a04,34,Self-employed,Pune,85119,129,Medium
5590183b-ee78-455b-ad44-531424c39ac3,42,Student,Chennai,120432,163,High
5c2fdb0c-6212-4b8e-81dd-4ddf044f9c5f,52,Business,Pune,192876,179,Medium
48bccd20-93b5-4f38-a772-cb60e11c8ff9,41,Salaried,Chennai,99080,127,Medium
b9cf2e52-9826-4e40-a4e2-af77b471a94d,50,Freelancer,Bengaluru,139447,124,Medium
e16bf03f-fc35-4628-b9e1-63d611d4d291,38,Business,Pune,52643,154,Medium
0afb5f2d-0ef7-4aa0-86e1-8f0fbfa90ab0,41,Student,Delhi,174116,131,Low
805272ed-d4a7-421f-a9c2-e6983d04952b,60,Freelancer,Mumbai,113605,140,High
587d13a8-3b41-4d85-86e0-5fa509571e81,52,Business,Mumbai,240942,91,High
f23889cc-0176-4cf9-adde-eea3c5dcede3,45,Self-employed,Pune,73005,27,High
c1b41dd8-9c87-4285-b9bc-23f7816b55ef,49,Business,Delhi,38387,18,High
1183e204-b1e1-4042-8773-eb8a9d06dc7e,22,Self-employed,Delhi,100457,34,Medium
fec137b4-1d49-4ca5-b3ce-2e2590617930,47,Salaried,Chennai,134246,55,Medium
89ddf24f-f91f-4fa5-8cb8-8c77165e4dcd,35,Student,Delhi,59638,156,High
02a1a9f5-c68c-4089-817e-253668584556,33,Student,Chennai,35567,27,Medium
7b2fa23f-e66f-4053-9920-7cee75f3b9b8,57,Salaried,Bengaluru,18754,102,Medium
cdfc6ead-c11b-4199-a40d-dba4614a35e5,23,Freelancer,Bengaluru,271695,123,High
9f447ec9-cb5b-4a71-a5d0-76ad3805ce32,50,Self-employed,Bengaluru,197684,44,High
5b4fb525-7e9a-463d-bccc-089ff67c19f9,45,Salaried,Hyderabad,119555,133,Low
87d1c6c5-79de-4e83-b7da-e86f85f0e222,28,Self-employed,Mumbai,175878,111,Medium
68372715-2e15-4c46-959c-e1bb3e88160b,36,Student,Hyderabad,268113,77,Low
034df8c9-4da6-45ce-a896-34763c8623e8,25,Business,Mumbai,70147,8,Medium
d9b4f04e-43eb-4aa0-b55f-d59fe6a5405d,55,Student,Bengaluru,259839,69,Low
9cd9fbbd-f5bc-4c32-851a-f2643b3fc7d2,54,Business,Mumbai,110081,15,Medium
1d85cb9f-ba32-4d1e-b3b6-799bab42241b,59,Business,Bengaluru,180268,160,Medium
e4b954c3-51e3-407d-a3e0-5a616ad2a04e,33,Self-employed,Delhi,91865,142,Low
e55fadda-da61-419c-a4a2-d98525c6a992,56,Salaried,Hyderabad,132235,91,Medium
ad556749-b5a8-4d8a-89d1-1cda0778f896,46,Business,Bengaluru,123777,63,Low
0776b044-072f-4d29-b067-d3e4368eed70,32,Self-employed,Delhi,156877,19,Low
2bb28eab-5450-479a-8fe2-143c34a86982,54,Student,Mumbai,160016,126,High
98291cba-88b3-4de9-b474-7eb3feab57d6,31,Salaried,Pune,161451,149,Medium
ebd75a63-50b6-45d2-9afb-21dd07937e93,26,Self-employed,Hyderabad,235894,61,Low
116bb7d2-6747-4f06-b315-7770157c78a2,24,Business,Bengaluru,115483,25,Medium
59a6b78b-f948-4458-b823-a963396a5991,44,Business,Delhi,33313,159,High
cc296460-39b1-492a-84c9-64f1520f11fe,58,Student,Pune,213436,59,Low
d7e17f30-dd9c-416d-8b65-70f908713ec9,59,Student,Chennai,279167,154,Medium
f62605b9-3dca-4204-b527-872b0d754cdf,58,Business,Pune,95073,179,Low
2d5bfd6c-f5a1-4aa0-9487-18c18a623f07,40,Student,Mumbai,119195,22,Low
90e7416e-13fb-4d6f-a9a0-18ead6a249eb,49,Student,Mumbai,83099,19,Medium
901c6342-b133-4f02-ac57-a50b587bb3ca,44,Self-employed,Delhi,84122,85,Medium
d5b2d9b3-6429-4611-8054-2c62fab3e5df,24,Business,Mumbai,283787,125,Medium
4e89f1e5-fedd-441a-b89a-7cf9230c5152,54,Freelancer,Bengaluru,124079,163,Medium
977f0416-8598-404d-b68c-073a10d0c958,39,Freelancer,Pune,261353,164,High
31604cb9-8960-4f29-aa2a-e3eaa9f21ca7,39,Business,Delhi,83926,155,Medium
026f70a2-c9d3-4daa-91e0-60053dfb3530,32,Self-employed,Chennai,57092,35,Low
3d44e894-5988-48cc-997d-db661d6e358f,58,Business,Hyderabad,167889,122,High
1bd33ea3-00ee-484b-b76a-84ac95412798,56,Freelancer,Bengaluru,190006,24,Low
639e8ce6-8ee2-47ef-bb4b-65a2d31098b2,56,Freelancer,Chennai,72775,99,Medium
884dbc01-e99a-4905-a637-f5da9f3b7b3c,53,Freelancer,Pune,152328,151,Low
85379624-237a-48cc-9327-6c5570aa044f,48,Salaried,Bengaluru,147723,52,Low
a935e517-8e37-4a9c-b773-c89ea43d1449,53,Self-employed,Bengaluru,257634,150,High
c84fec2b-eeaa-45f8-a931-b2e49803210c,47,Business,Delhi,45447,148,High
d7c9752b-fc49-4f90-8770-720d7a4395db,34,Self-employed,Delhi,176326,129,Medium
bf9ffb32-b6d4-48ce-b996-7696843f673d,59,Self-employed,Hyderabad,203490,142,Medium
70ea3dde-4b0b-4593-9f77-940b9426e61f,25,Business,Mumbai,18471,66,Low
ceed4007-659c-471d-9f65-5b07c1f1efa8,23,Freelancer,Pune,154401,112,Low
88d6c695-0fb7-4586-9786-91c958e9fd80,50,Business,Mumbai,108808,123,Low
9c169ee4-a56d-4de6-8b52-5eee52a16bf5,37,Salaried,Bengaluru,181597,114,Medium
65a1cf07-8155-4971-976c-678950bf309c,39,Business,Mumbai,38284,175,Medium
22f85dff-e4dd-4ebd-8468-c3b317143a14,25,Student,Delhi,227978,98,Medium
cf364d3b-7f6d-40c0-acc1-8006fcbb2da8,57,Salaried,Pune,285143,54,Low
abe43ac4-e987-40f5-9f54-5422754f4132,25,Business,Mumbai,259809,105,High
543ee106-84f4-4812-ae86-3349ec8d70f3,46,Salaried,Chennai,260317,9,Medium
20c61735-4d48-436a-b356-7f3202111cad,59,Freelancer,Mumbai,175381,44,Medium
c0373f7a-a791-4b9b-8d51-3a437f9cc9fa,55,Business,Pune,20105,134,Medium
0da74b47-232e-4965-b3b8-b93258c0eb82,56,Student,Pune,279983,75,Medium
8f1f04be-fc74-4091-8ac3-8e1ba20a1559,51,Self-employed,Mumbai,140736,89,Low
b17bd986-a617-452c-9edd-d8c7a718bed9,56,Self-employed,Chennai,77424,163,Medium
23c697ba-7008-45d8-a939-b269f6dc7f41,50,Business,Mumbai,147503,91,High
ea9b3921-d28e-4654-b11a-056338199f91,48,Salaried,Mumbai,146234,19,Low
8eb15854-6fa9-4404-b244-e0cd0d4f05e7,30,Freelancer,Delhi,163087,85,Low
70d97bf0-13c4-4cbc-8f27-5e9eccb5d7fe,45,Business,Delhi,246390,75,Low
c541ad58-71ca-4a0d-8437-6a0ec7c45826,29,Self-employed,Mumbai,266435,50,Low
f1344614-f6fc-4762-bf2a-d24e456c1ce6,40,Self-employed,Pune,282491,87,High
bcdb6dd9-18b4-46cb-ae05-c3f1e2a222b0,41,Student,Hyderabad,295825,166,Medium
4e9ec45e-66be-4c28-bb03-f830e39dc09e,27,Business,Pune,45682,75,Medium
899b4048-fda5-44af-9ab4-b4bec6f06924,35,Student,Delhi,242966,165,Low
bd1c16ed-c11d-4993-b69e-d0627a2623e3,44,Salaried,Hyderabad,81707,148,Medium
7e7690cf-0b61-4358-9373-13c5517a27ce,27,Business,Bengaluru,253511,154,Medium
2c4fa30b-e06d-4ef6-99fa-90a606130230,46,Business,Bengaluru,65601,125,Low
f96c37b2-eba9-427e-a5fc-c00331207606,34,Salaried,Chennai,126487,62,Medium
9237c00a-0944-449f-8acb-f98896c7e1ca,38,Business,Chennai,266924,74,Medium
b55d20d9-38ff-449a-9140-650257b45d0f,46,Self-employed,Mumbai,264430,170,Medium
5a3796c2-2d41-4da3-84f7-34ceaefdb4aa,39,Freelancer,Chennai,112239,120,Medium
df9985bc-a15e-4ec2-8ee1-6c31207aeb21,32,Business,Chennai,77292,174,Low
e85c4350-caba-4877-9c37-f2c981f5dd36,24,Business,Chennai,283448,132,Medium
29f7f4cd-f3a0-41f3-b392-85aecddfce2b,42,Salaried,Mumbai,144350,38,Medium
0924611c-d452-4a8f-9eda-f808ea63a875,54,Salaried,Delhi,221487,33,Medium
a414b5d3-b717-4617-8afd-7155f44f782a,59,Student,Hyderabad,169553,91,High
8dcf3842-e74f-49e4-bbd4-21c790d1b3d6,37,Freelancer,Bengaluru,60232,103,Medium
641d6d2a-b80e-4991-9abd-05e62e3dc71b,26,Salaried,Delhi,274013,103,Low
077a55f6-4f47-499b-a7dc-a4b725bb4e1f,41,Salaried,Hyderabad,194017,10,Low
66fc8689-a017-4a3d-b3c4-6b8165c24153,42,Self-employed,Bengaluru,98457,117,Medium
780b69be-cc42-47d3-b622-ab483d14d459,22,Salaried,Pune,126672,79,Low
472f2b15-d42c-41f3-8c96-4d33fd33f0d1,36,Self-employed,Bengaluru,80633,117,Medium
744be9e3-c2d4-4c66-863a-a34cc8779ede,42,Self-employed,Mumbai,84286,81,High
8a8ba36e-ae76-4705-875b-23cffabf4b7e,60,Salaried,Pune,89071,43,Medium
686daa70-a6c7-4d2e-befe-f1b7d55569aa,30,Self-employed,Mumbai,45651,104,Medium
13d38152-56c1-488a-94ac-237adbf88632,52,Freelancer,Chennai,205706,140,Medium
de106bbb-4720-4fef-b6f8-7b0164741faf,40,Self-employed,Pune,295852,159,Medium
51f77897-9c49-4a46-a52a-5c18f701f5a8,24,Student,Delhi,78870,115,Medium
a1afc3a4-b219-45b1-87f0-6d666a7502d4,60,Salaried,Bengaluru,20774,84,High
27cf9063-1016-46d5-a12d-cf593eeca99a,48,Freelancer,Hyderabad,295277,19,Medium
340a8375-2ea4-4ae1-bf1b-06c93bbd5fe8,60,Student,Hyderabad,129586,63,High
f7a472fb-435f-470c-8c78-cf11b39ff414,22,Freelancer,Pune,186033,158,High
66c8cc80-a35a-4a19-a15b-9fbd4635b7ed,23,Business,Mumbai,168335,49,Low
dfdb0777-45c1-4842-be99-ae7d7a65eab6,55,Self-employed,Hyderabad,38648,11,Low
03c0b117-4c7c-48eb-b936-6ab5f77feb3f,43,Student,Delhi,194635,94,Low
c40b5403-8540-472b-a07f-fef618b190ca,39,Self-employed,Hyderabad,197650,56,Low
7c88cddf-cbba-477e-b525-0b30e3fa9fa0,32,Freelancer,Delhi,241058,79,Low
0b65eea3-c4c3-4c6c-90df-a3fca351f90d,44,Student,Hyderabad,195231,46,Medium
e8bb4540-b309-404b-ba35-5309b002ad9d,28,Student,Hyderabad,276716,60,Low
e0c8ac89-8338-4067-8bae-c97f70fc9fd2,60,Freelancer,Pune,186918,47,Low
2e5c59fa-010b-416c-a1e6-1249f40587ed,22,Business,Delhi,223139,12,High
1ebfaf79-941d-4ef4-be7c-1b50127ea9f9,23,Freelancer,Hyderabad,21530,32,Low
10f7af42-3157-484c-8271-173b3cdc8c0f,60,Student,Delhi,225545,166,High
6821a375-5527-45c0-ae25-99a3642cad25,28,Freelancer,Hyderabad,265870,106,Low
62e83a51-13f6-49cd-965c-c856fa6cc745,57,Business,Mumbai,294215,9,Low
acc46390-55f8-4d33-bdd8-adc3030d500f,26,Salaried,Mumbai,54901,115,Medium
4a6fe2fe-3507-477d-a953-5e763a2ccf80,52,Freelancer,Delhi,283050,142,Medium
ca42ac37-725f-4c16-bf28-02951298c370,31,Business,Delhi,77987,51,High
122ecd70-f80b-40f6-9c35-87cef40a4c09,41,Self-employed,Mumbai,69400,163,Medium
cbdf3804-d2cb-4726-8bc6-3fa3cf67474b,54,Self-employed,Delhi,134052,9,High
7e079372-e1e7-4f5c-b5cb-76d62b47bdf2,58,Student,Delhi,48691,64,Low
78406dde-50de-44f0-a3ac-1bc05a048a8e,47,Freelancer,Pune,23438,74,Low
ff097392-05d7-4792-92ae-ae565e165ee8,23,Student,Mumbai,286896,102,High
12d45619-1742-46de-8c7a-2cc5e6d604a5,25,Business,Mumbai,170289,14,High
fe934658-00fc-464a-b056-0006986d3946,26,Student,Chennai,110665,65,High
fbf66c3f-66fc-4ee5-baf4-30e0b8ec7f32,31,Freelancer,Bengaluru,96835,113,Medium
1e9a8899-6955-4b67-82eb-719c17c53138,29,Salaried,Chennai,172547,136,Medium
e9755c83-ad02-4d12-9010-733e4582b5de,48,Business,Bengaluru,277731,35,High
1df77c72-ea9f-4daf-bf3f-9e069d6b1460,41,Business,Pune,253553,161,Low
8a9474e1-31de-424a-ae37-8185b5d882e9,46,Student,Delhi,231823,166,High
0e161a1f-af85-4d8d-bd77-cb5ff6c9514b,55,Business,Chennai,40556,39,High
edf9f5fb-be5b-4d76-9bc8-8df2736ba749,38,Salaried,Mumbai,191168,63,Medium
14151d14-2372-4a19-b5f1-b74bd7858c2d,43,Freelancer,Bengaluru,48866,133,High
9daccab1-8b5c-418e-9c66-c699032eb243,25,Business,Bengaluru,152488,113,High
e3470064-d0cd-4803-9553-3f70f8423bbc,36,Freelancer,Chennai,204139,167,Low
5c99e3d9-8c94-4762-b7c2-c6254d6efd4d,55,Freelancer,Chennai,147161,173,High
e91910f7-7878-4e8a-a3e0-5f77f4e98b76,48,Student,Delhi,156559,52,Medium
e0df2bb3-676e-46f5-9f91-5f50e50c617f,29,Freelancer,Pune,91229,153,High
51b98264-1688-47e9-a75b-87b2314aed87,21,Salaried,Pune,43795,92,Low
6c0cedef-05af-496a-a6b0-e18626847b05,23,Self-employed,Hyderabad,236823,9,High
bb8013d1-c928-4ae5-9be0-b12cdb12dda4,45,Self-employed,Delhi,244817,52,Medium
612b38bb-32e1-4046-b0d2-6ccc2c6b8ffc,35,Business,Mumbai,70077,26,Low
befe6c12-d110-4d02-9b19-0f06087509dc,32,Student,Bengaluru,201339,150,High
ddfa7378-0bd8-45ca-8879-d5e8ac56f24b,55,Business,Delhi,113696,82,Low
8f39ed16-b9bf-44c3-9ddd-dee558f22289,38,Business,Mumbai,202598,120,Low
4801d0d2-671e-4da1-b90b-b3db7d8661dc,43,Salaried,Hyderabad,299890,96,High
8510cb37-f2b4-4744-9be1-ed1cc67f16c3,58,Freelancer,Bengaluru,161295,147,High
09249c32-bd12-46bc-955d-9c1e0d95a145,28,Business,Delhi,279803,40,Medium
093ae0f8-b92c-4b58-9569-6f559d083ff9,50,Self-employed,Chennai,192810,83,Medium
db793f2b-d4ed-400c-9974-8c5ecad680b7,40,Student,Chennai,299154,118,Medium
59e8df85-0b03-47ae-945f-cadf4099950b,60,Business,Pune,154544,93,Low
0011f4ac-d400-4a1d-8a2a-e7fe212a8bac,43,Student,Chennai,259325,155,Low
8e96cee0-7b8a-4407-812b-53b076e0f36d,39,Business,Delhi,295495,115,Medium
a74839ab-ea5c-4c22-bc4a-6c4584a98694,23,Student,Chennai,30282,175,High
ca7874f4-0a46-4170-b446-712f5387a3ac,27,Freelancer,Delhi,282219,68,High
42f54ee2-4685-4ec6-9eb0-e46a76c6693f,39,Business,Chennai,288146,147,High
bb7fb0ba-82c2-46f2-b70e-4a3caf44dc74,58,Freelancer,Chennai,270095,66,Low
a95f574b-5a02-4f2e-9034-2dd43eaf6649,50,Self-employed,Hyderabad,58472,14,Medium
e65abf4b-75e4-457e-b64e-7d010e17c653,45,Self-employed,Chennai,152888,147,Low
dc2585aa-98f6-49ab-8961-c9c704e1b1a8,55,Salaried,Delhi,110028,83,Medium
2beb2c19-8a7c-47d4-bbf0-69e6f609efe5,24,Student,Delhi,140149,73,Medium
b188090c-17e4-4a76-9f6a-63833f635416,28,Self-employed,Bengaluru,196211,7,High
dde762ce-ecfc-4d7b-a104-a0e3d4495a6e,36,Self-employed,Delhi,78095,67,Medium
95dfbb04-4688-4eea-91b9-c8297a17d385,50,Business,Chennai,112136,17,Low
255c66e8-0962-4fd2-943d-0a968472c964,31,Student,Pune,200378,69,Low
697738a1-d2b9-4e2a-bcc3-29267813d9cd,25,Student,Chennai,64812,53,High
d9dfd422-5c55-4b78-90b1-e0042aae21c1,23,Salaried,Bengaluru,59900,177,Medium
6201f63c-0b03-4131-a1e5-cc5b00ffcf3c,29,Freelancer,Bengaluru,293432,142,Low
4318a752-c9b2-45b8-aea8-063b72eda1b0,55,Freelancer,Bengaluru,61403,70,Low
f2e18b11-120d-4699-9cbf-a5e3e548b65a,60,Freelancer,Hyderabad,47174,81,Medium
669c65d3-dc7d-4533-9655-fc59f85f053f,32,Student,Bengaluru,152653,179,Low
644220b7-167b-4c9a-9da9-c9149ab2ef19,49,Freelancer,Hyderabad,142795,155,High
21300299-6787-429b-8385-5843e4e7e5ab,41,Salaried,Pune,160639,56,Medium
ea7afa47-dde8-43c1-9ad3-b8f361c34bc9,40,Freelancer,Delhi,254141,162,Low
f849e00c-e20a-4842-9719-61675df8889e,27,Self-employed,Delhi,43803,97,Low
35d169e5-4c71-4d38-af0e-494f2b14b629,42,Business,Hyderabad,245147,81,High
2df5058d-66be-4e48-900a-751ffae2e594,42,Salaried,Pune,285914,167,Medium
824c7497-8809-4d5a-ac9c-9b19ac48ecde,21,Freelancer,Mumbai,288334,77,Medium
144c88b7-e6f7-4c9f-9e40-4d30136502f1,42,Business,Mumbai,55197,158,High
877813ae-3b87-4847-8b4c-23b54050d79b,32,Freelancer,Bengaluru,172584,11,High
39566f0c-d090-4952-a83c-185f02198340,28,Salaried,Chennai,150450,129,High
1bbd7817-c460-4d2f-98ef-f6d042638bbc,21,Business,Hyderabad,175105,98,High
9c9291a6-07fd-4f98-9b87-b532f1c439dc,34,Salaried,Mumbai,241727,40,Medium
82a7bb01-a488-4243-854c-2ee0d66f3ee9,40,Business,Hyderabad,202116,61,Low
13043e16-27f6-49e6-92a7-99ab9899a78c,33,Student,Delhi,217416,54,High
64d1485c-69cb-48e9-9358-4baddba33681,28,Salaried,Bengaluru,265736,48,Medium
c0c90b6a-8391-403e-9bb3-3bf55efa5f63,53,Self-employed,Pune,240683,95,Medium
207fe528-3fcc-411e-9ef0-305f16c0bf2c,29,Freelancer,Hyderabad,280972,93,High
adc4a7b2-f8d1-4d6d-b3cf-cc2606ee39c2,37,Self-employed,Hyderabad,258236,93,Low
8b68457b-93e2-4045-8fbd-5e314dc728a7,59,Student,Mumbai,50634,46,Medium
dbc64b1e-605d-45fc-a1d0-9b3ca8ff74f5,33,Student,Pune,37054,16,Low
15ed3415-b530-4ac9-81f4-5023b762c6bc,39,Student,Bengaluru,245893,144,Medium
4ad4ed81-5402-4dca-a9b6-b7f20b3e5792,21,Student,Mumbai,98276,173,Low
6d95bcc4-3ff8-46b8-8fe4-ef7a408773c1,32,Business,Mumbai,23210,77,Low
f124e34b-48fc-47ba-9c9c-828deef55204,32,Freelancer,Pune,93279,166,Low
0bc63857-01ae-4253-8abc-dd94fc77656a,46,Business,Chennai,272324,108,Medium
87cb102b-d585-4724-aea2-f8e76e7ba382,25,Student,Pune,245363,13,Medium
19e25849-6b85-4cc3-be41-d9e2a56556d0,43,Salaried,Pune,224754,163,Medium
57e5b77d-2c04-4307-bf38-9094fb24d250,43,Salaried,Bengaluru,181892,89,High
1344c1c9-b271-461a-87b0-e14fd3a2b608,50,Self-employed,Chennai,53211,166,Medium
a5896303-9375-4180-87b9-0227beb106bf,56,Salaried,Bengaluru,271638,87,Low
ad569750-93bc-4bb8-9ee3-8d7e1e4cb239,48,Self-employed,Bengaluru,244010,173,High
683e8232-38d6-40bb-babe-06489632eb04,53,Student,Hyderabad,241416,81,Low
99d895cd-e6dd-42a2-b593-a428330ff5eb,35,Self-employed,Hyderabad,170378,46,High
cf137528-d170-4a8f-bf5d-ea93bf245204,33,Business,Mumbai,156130,15,Low
1c8ea625-446b-4c56-9fff-9b40eb3c6638,59,Student,Mumbai,79200,33,High
21a42043-a65a-41f0-ac75-d988fab7dfb3,47,Freelancer,Hyderabad,271453,122,Low
8bd16cdd-33c3-4f6f-9076-9029a39d6a7a,23,Self-employed,Chennai,176445,149,High
d6da5f3c-44ea-4dd7-b244-e07a9eab1744,60,Freelancer,Delhi,239605,7,Medium
7ec7c0ab-5dc8-4dda-b1f5-393f47386752,32,Business,Hyderabad,264768,168,High
3f53f0e6-cbf2-4faf-b73c-59aa61f50a6c,21,Self-employed,Chennai,17282,60,Low
7a4c6ade-adfd-4e8a-92af-5cf1c32ad2b5,35,Student,Delhi,235972,106,Medium
b406b402-9a56-4bbf-b6ec-38a91bffb523,51,Self-employed,Mumbai,183509,158,High
12d9e477-6725-4ead-9fac-79f3a0f4723b,44,Salaried,Pune,219054,43,Medium
176d6363-cc49-4d8b-83ef-97dfbc5b9f66,41,Self-employed,Delhi,115123,112,Medium
adfcb109-f2ec-46c7-a0b7-3da671e372d6,58,Self-employed,Chennai,246496,127,Medium
344e4263-58c7-4f01-b837-77829f04acfb,54,Self-employed,Hyderabad,51027,37,Medium
1ef7d5c2-c1c6-4ffb-bbc6-6e1e1021bc6b,23,Salaried,Bengaluru,163930,161,Medium
adb1a397-84a7-40a7-9f03-05ea55d94eb6,35,Freelancer,Pune,198467,46,Medium
f44b328c-fb19-4faa-ad12-1766fa08bc01,31,Student,Chennai,97279,53,High
c98d2b5b-7e39-47bd-9caa-62d00f0ba883,56,Business,Hyderabad,260754,129,Low
0f7f3de0-03e3-4854-bcb6-614eeb35d17b,44,Business,Delhi,231992,172,Low
1641bbd8-90b6-43a7-8765-636121403489,57,Freelancer,Delhi,83803,61,High
c3569296-1c55-49de-a42c-f93ce4d4abf1,21,Business,Chennai,298456,52,High
19d08e4f-930e-4394-94a0-d39300e0dd40,39,Student,Pune,190251,162,Medium
2b84f091-eb88-493e-8802-b8fc2b891a1f,38,Business,Mumbai,132961,168,Medium
1b263f20-51b8-4269-9e88-553329d1fabe,51,Salaried,Pune,135234,131,Low
d1639fc3-72c8-42ae-a8f5-e1ebc4ba5f5b,58,Salaried,Mumbai,193570,69,Low
45ae3b89-185a-4992-a7c1-3d2a1fdfa76b,28,Freelancer,Pune,299996,167,Medium
8596377d-612a-49e5-820c-5e335e8da7c5,32,Freelancer,Hyderabad,223559,70,Medium
026abfb4-9658-4cf0-9cdd-7ef67d0dad48,24,Salaried,Bengaluru,163510,118,Medium
32e3de27-919a-45d7-b107-8ac323bbdb10,25,Student,Pune,229892,163,Low
d6154c26-27df-4d6f-9add-5ab9818ab774,23,Salaried,Delhi,165871,80,High
defe41b8-3213-48ba-ba8b-820b7d907ad6,24,Freelancer,Pune,216260,159,High
de39caa4-40b5-4617-bfb2-9381e22c66ba,47,Salaried,Bengaluru,253746,56,Medium
7f69e530-e824-48ec-b024-1d11370ff600,26,Business,Pune,172489,64,Medium
e383c167-ec89-4bcb-a32b-a81055c19e1b,50,Business,Chennai,130598,175,Low
d644f05a-db16-43ec-944f-e3f61d5f400f,57,Self-employed,Pune,267388,175,High
0a50f44f-9592-4a75-9525-a09a79290c1e,57,Business,Delhi,219923,40,Medium
18e67496-c0bb-42f8-9efa-ecd394a5f576,24,Business,Hyderabad,169245,23,Low
8d35117b-a00a-4e39-87e6-e9bb861e87a7,29,Business,Chennai,217747,118,High
e2dde2ab-c3b0-496e-9f20-37ec01daaab0,37,Business,Chennai,297682,114,High
1d2e38e5-cc67-483e-a25b-cac8854fe82e,42,Freelancer,Delhi,182647,73,High
00a73689-b87e-4ab5-b5dc-9f4434d7de2d,57,Salaried,Bengaluru,42716,54,Medium
2180fc8b-0fe6-4022-ab9c-545601620530,54,Freelancer,Mumbai,148004,114,Medium
23bd611e-d37d-4899-ab4a-1c1eacfbce52,43,Business,Chennai,276973,136,Medium
8b51c3c2-a3e9-4af2-873b-7117cf691417,52,Business,Pune,155641,114,High
56d7c7fc-c458-4fe7-9249-b3fdb17d7def,41,Salaried,Mumbai,202954,179,High
6c4bb0d7-45b3-4241-b7f8-80fffb6d8de7,41,Salaried,Chennai,97302,49,Low
3c984de7-cabf-4e29-9c4e-98ce810a91cf,59,Freelancer,Chennai,15138,73,Low
38023222-19a3-42ed-b674-72ae20e20629,44,Salaried,Mumbai,114931,130,Medium
ccb2e62b-15a3-44ef-be07-bf5ee6d2541b,54,Student,Hyderabad,52772,144,High
f5f92621-48cb-4760-9498-4839c1dfea0d,37,Student,Mumbai,159355,104,High
eaa16de5-57e5-46f8-8601-e98d46356e77,38,Business,Hyderabad,297363,109,Low
e265269a-f185-4cd0-bcc4-6ccd845fca72,44,Self-employed,Pune,89965,24,Medium
a1bde9ee-9d6b-442c-98e0-df5d3bd755d5,59,Freelancer,Pune,92988,90,Medium
d8b6370c-0625-4312-b0af-a4c93071abda,48,Business,Delhi,165023,10,High
c85bbbae-ebd2-4c04-954b-37f67686e178,39,Business,Hyderabad,254779,69,High
6fd69f59-9eeb-494f-969c-a8586e0e730c,54,Self-employed,Chennai,147212,16,High
27b6a945-d5d0-4c5e-a86d-6e23d52e4af7,32,Student,Bengaluru,278852,154,Medium
f9aa6a4c-c932-4e4e-8a50-6ea896e57c99,31,Freelancer,Mumbai,59789,10,Medium
bfdd969b-5c68-4fda-ac1c-2d1501384424,40,Business,Hyderabad,106088,174,Low
a7fd9c5b-c12e-4d17-a11f-a3a246ed79dc,32,Salaried,Delhi,81093,75,Low
4c962edd-a99c-463f-a7eb-005cf19bf657,39,Student,Bengaluru,81418,159,High
d427365c-dae0-4229-964d-4ed5ae9e63f3,52,Self-employed,Chennai,145351,75,High
d9149f5e-b045-4fe3-b987-f2204b3b7ec9,31,Student,Hyderabad,87805,166,High
348313fb-bbfa-4fee-aa89-48e5775ad4f4,35,Student,Mumbai,279598,160,High
bf2e2173-a606-4b98-90e5-ff8eb9e0fb56,37,Salaried,Bengaluru,208226,87,Medium
8f53715b-88d3-4832-a08f-be58735a2f98,24,Salaried,Mumbai,33354,140,High
f722e8b0-c9de-4db3-bcf8-2c90722c88b0,29,Salaried,Delhi,199482,77,High
ba86bbba-045a-47fb-b64f-859b953887e9,37,Self-employed,Mumbai,285160,118,High
5089527d-469e-4b3d-af1e-150e7caae964,28,Freelancer,Pune,117239,152,Low
8ec0c4a9-e934-43b2-a6e3-ac19bf2486b0,58,Freelancer,Mumbai,55510,72,Medium
e51b9c1b-66be-4407-9507-652856fcc402,33,Business,Mumbai,136668,36,Low
e888933e-7424-4346-84e5-70e046f83662,36,Self-employed,Mumbai,105102,119,High
ddd945e6-8952-40eb-a6fb-b27eb859a537,42,Student,Bengaluru,173175,98,Medium
e8314756-0f84-413c-9b09-b44b8f435bf0,23,Business,Bengaluru,151917,59,Low
fc84c12e-a49d-46da-91cc-3126fc9d4573,41,Student,Pune,34337,174,Medium
0e37bd2b-b585-4d25-940a-e3e5771d08ad,50,Self-employed,Hyderabad,96442,62,Medium
32c5229b-2f12-4e84-bea2-957fbd3ce25e,55,Freelancer,Mumbai,268661,24,Medium
d62340cb-1956-465e-a77a-e874ba2fe57e,46,Freelancer,Pune,287647,118,Low
bd200c64-5fe9-4e4b-ae67-9e4b22ccf751,50,Freelancer,Hyderabad,288734,140,Medium
5c31941d-df06-442f-97a6-059ee0d78f8e,57,Freelancer,Delhi,178864,6,Medium
181aaad1-ac37-4b2c-9c75-9adacbae6dea,57,Freelancer,Pune,271910,146,High
b449a3a5-517f-432e-a63e-13272a038835,28,Student,Delhi,57727,138,Medium
8507e8e0-f064-41d0-84c2-71ef27c8349e,29,Business,Bengaluru,131923,132,High
17279d39-f165-42b4-ad1b-0f7e4295b130,56,Business,Pune,121752,40,Medium
7c4772d2-d27d-44db-ad15-8d59887af263,60,Business,Chennai,161110,28,Medium
2057965a-ce11-4408-95c4-bc0a3ebcc489,34,Freelancer,Pune,36281,133,High
2a61459d-8809-49e2-8116-62bc14a192af,50,Student,Mumbai,137115,107,Medium
8ed16409-ca99-495a-b469-a022e134ad41,28,Business,Chennai,296954,8,Low
57c04556-f011-47e8-9eb4-ce4a997d13c0,33,Self-employed,Delhi,56869,178,Low
0f5092d3-8a09-42ec-90c6-dcc5e7a8a173,54,Self-employed,Pune,25207,50,High
9e2723dd-e225-4402-8aea-02d4f55bf5af,39,Business,Bengaluru,174292,128,Medium
83ae71a3-0720-4c93-8466-cc7d1c75cbcc,36,Business,Hyderabad,220157,71,Medium
591842aa-6661-4d77-8d2c-7420b922f0fa,54,Freelancer,Delhi,86312,129,Low
7d5e55f4-2137-4a22-9faf-1bff77197887,58,Business,Delhi,252199,71,Low
ef229921-4b5c-46fc-bd57-f990494c555f,46,Business,Mumbai,126041,18,Low
00f2c610-14d6-428d-9fc5-c406884cb523,51,Self-employed,Mumbai,25350,39,Medium
abd69521-a8b9-4ec1-ae2d-6d528969cec6,28,Salaried,Bengaluru,276570,125,Medium
be00e324-ee97-481e-aaa4-a974cf642778,47,Student,Pune,250062,123,Medium
00d6e2fa-a979-44c2-afaa-da3a61874a93,59,Freelancer,Hyderabad,38782,70,Medium
e3bbd286-cebe-41a2-8bf0-fbfc0bb7d7be,50,Business,Hyderabad,144936,18,High
44c8e5a2-44dc-46b9-8b70-4a876aeb5cf8,39,Student,Mumbai,137258,62,Low
38f15ba6-24fe-456c-8580-57759eee37a4,43,Salaried,Delhi,293710,37,Medium
0603ee12-66f8-4658-ad90-f4f27706dcdd,30,Self-employed,Mumbai,53333,15,High
e78f9ae4-8e41-4ff9-9d13-ed0f5443723e,28,Self-employed,Hyderabad,104571,59,Medium
b4c23f31-2554-47d9-8d09-c8803b8117bf,52,Business,Chennai,40235,119,Medium
d03ec574-037f-4d40-9145-9c98656d0d51,48,Freelancer,Pune,177993,115,High
543508fc-51b4-483c-8db6-fb337c0b3ef8,44,Business,Delhi,122507,84,High
849ee031-f035-4070-b8f8-88cbc9579431,50,Salaried,Chennai,61101,9,Low
0e88699f-dfcb-44f8-ab85-335e9cdf7816,43,Student,Mumbai,245604,13,High
4698fbff-60f0-4c95-a804-33bea988ce19,32,Freelancer,Delhi,217193,124,Medium
30974aa9-14b3-4cda-9a90-856ce0b5f226,34,Business,Pune,250422,39,Low
4339c82f-399e-4a1d-9990-e088682ad5ac,54,Salaried,Pune,183785,132,Medium
f7d1e2be-50a8-47c0-8944-abb5a5b6716c,32,Salaried,Bengaluru,61154,54,High
27510dd1-ea61-4acf-a5e3-af543bc6eda2,49,Freelancer,Bengaluru,69238,159,Medium
694b52c3-b53f-4f3e-b3ad-9ae0111bcc46,42,Salaried,Mumbai,214775,43,Low
0b64d190-5140-41e8-be58-823fb7ac3fc0,28,Salaried,Delhi,77551,174,Medium
bf2b2edd-a39a-41e0-95ce-2f89c05b1dcb,25,Salaried,Mumbai,181277,177,Low
29dc835c-92f5-430f-8725-f2b406a89eb5,49,Self-employed,Delhi,269840,161,Low
47d3119e-c890-43a4-bb57-807754923112,21,Freelancer,Hyderabad,249104,112,Low
a1518761-6bd5-456b-b347-532bac928b84,29,Salaried,Chennai,47402,160,Low
f2c6dfa4-3e89-4dc8-9a15-aa759ab8b15f,56,Salaried,Chennai,151643,87,Low
1028cde3-b65e-45f0-8efb-2f873fa1a7de,33,Freelancer,Chennai,128550,88,Low
bec7f46b-dd93-4f3b-97cf-5b20f95ccaa2,26,Business,Bengaluru,148296,117,Medium
9d07127a-9bb1-4c27-ab27-3f34d0f4ea6f,32,Self-employed,Pune,194767,170,Low
501f5e4e-5a44-41da-9665-df64a12b2829,43,Business,Pune,255016,162,Low
9b14f742-dd00-4166-b72c-233fad970404,45,Self-employed,Bengaluru,107122,125,High
dfd0364e-7607-40db-81bb-aae196eedee7,33,Self-employed,Hyderabad,158252,106,Medium
cbc57faa-a92e-434f-996e-61308fae7557,31,Student,Mumbai,236035,22,Medium
aa344c99-836e-46bb-8abe-ace3f9df2536,45,Student,Delhi,126022,99,Low
048a2cbc-6220-4d5f-a614-c7d6f436bca5,41,Self-employed,Mumbai,217440,89,Low
242c91f8-1b07-4edb-8b87-1c4ad4778b33,32,Student,Bengaluru,282986,42,Low
6e7bded9-6c9f-4f62-86ac-c58449b7cd43,59,Self-employed,Mumbai,294652,33,Low
4c1cf834-d24f-426a-8d6a-b32527622cc4,38,Freelancer,Mumbai,81914,110,Low
70162fb1-925a-4f75-a450-7989bdc4bc32,57,Freelancer,Delhi,17257,146,Low
d7e415fd-6c68-4899-b101-a2e4424221d7,51,Salaried,Mumbai,126715,135,Low
8ee3689f-2c98-4f57-a91e-efe9152e8258,58,Freelancer,Delhi,35808,59,Low
c0f49997-3e3f-4077-8b93-4fad113eb8f5,42,Student,Bengaluru,142927,105,Medium
f82bfdc7-e082-4ffc-97bb-1de6b22d010d,54,Salaried,Mumbai,229764,142,Low
f15553e3-96fb-4305-92f8-48bb2c8e1b16,28,Freelancer,Pune,33135,12,Medium
e302527e-e07b-4a3a-887c-69b185eb8179,48,Freelancer,Delhi,169626,75,Medium
8fdca431-c75b-4f6d-9289-632e04f4cba9,41,Business,Delhi,260739,33,Medium
05615a37-ccf9-4fd6-ac4c-6c50ae143b02,21,Freelancer,Mumbai,77261,105,Low
5e808e6a-1b61-4a26-b2f6-8d1d0a71be66,55,Freelancer,Bengaluru,75948,18,High
1feb16dc-b4e9-4d82-b247-ed45ff30d0a2,30,Business,Mumbai,281357,58,Medium
5a5dea81-c5a4-465b-8483-809304438c1e,30,Salaried,Bengaluru,77507,51,Low
6e06b2bb-ee95-4457-946f-55c935d4dd14,58,Business,Pune,297276,29,High
0a980228-e8e6-4290-9f3c-954c07ddc977,42,Freelancer,Pune,51609,86,High
57f103dc-ef74-40bc-8a4c-428c0e605026,45,Freelancer,Delhi,228666,136,Low
da692ad2-a07c-4f4c-9fef-d975ce215088,37,Freelancer,Hyderabad,197885,17,Low
ded73d40-a1f4-4328-a7d0-25ccdca20c47,44,Business,Chennai,182093,34,High
9ec958a8-4410-4514-ba74-c110fab2f984,46,Salaried,Pune,147473,70,Medium
7f0a3a85-dc9f-4a8e-84a7-ca4ca8fc6f1c,36,Salaried,Pune,296755,109,Low
7659af18-cf7b-46a7-b9af-c48f812e27a5,32,Business,Chennai,223475,32,Low
ff668e56-48fe-42f2-a8c7-452e519d069d,50,Self-employed,Pune,178317,167,Medium
54d247be-c374-44b3-b646-d9c8c72c418c,53,Freelancer,Bengaluru,44336,60,Medium
b5027240-532e-47e1-8a9f-09ff77715fe3,27,Self-employed,Pune,84561,62,Medium
15710b7d-88ee-4145-a162-fd9bc2ad22e6,32,Freelancer,Delhi,166165,21,Medium
9966edbe-9884-416f-9b3a-8f7eb652c72e,56,Self-employed,Delhi,201740,140,Medium
2b22b60a-f7fa-484e-9415-24349dff822f,29,Salaried,Delhi,79110,165,Medium
c5354244-62ed-4925-883a-a5acccdedd50,28,Salaried,Chennai,19426,50,Low
73203a2f-5bb9-4147-849a-4f3ee6d4e54f,24,Business,Hyderabad,255853,109,Low
6dcc911c-1066-4a9d-9c88-9da694757d61,49,Student,Chennai,105306,162,Medium
bda5e3fa-7d7d-4b4c-864e-d1bbb533f0e5,54,Self-employed,Hyderabad,107769,161,High
73ca14ef-4d98-4270-b693-23c603aa6f50,35,Freelancer,Chennai,67428,129,Medium
754d3b43-4648-451b-acc0-c28bb99031d8,46,Business,Bengaluru,250990,9,Medium
839f22df-3ec2-416d-9c54-a23e987d6b1e,60,Self-employed,Bengaluru,127217,142,Low
ec57c1c1-edb9-4f28-8419-59cb403d9eb7,25,Student,Chennai,113934,61,Medium
33f86eb7-462f-4107-8c20-1b97747b44ac,31,Student,Pune,224329,148,Medium
3af3c8c2-a30f-4558-bb8c-897e35a81a65,48,Freelancer,Bengaluru,76215,27,Low
e3798cfc-f1de-4c89-9c8e-d810deda7604,46,Freelancer,Mumbai,123048,111,Low
6ec30821-9ab2-432c-aa8d-2701fd0d0636,30,Freelancer,Delhi,128688,50,Medium
3bb1592e-7680-46e8-bb38-952ab14a973b,60,Freelancer,Hyderabad,201823,73,Low
440907b5-765a-4652-8456-e8ffa7af3817,48,Business,Hyderabad,284150,70,Low
fb73d82b-cb5b-4a2d-8bf5-1b3ce274a99c,58,Self-employed,Bengaluru,47430,62,Low
58d75704-15bb-408e-83d8-f3f028bd3032,51,Business,Pune,33990,179,Low
ee6eaaab-9bf6-48ce-8129-6965ce845a2e,25,Freelancer,Hyderabad,157105,89,Low
5306ef97-b388-4150-9afc-193213e5a933,31,Business,Hyderabad,283083,59,High
13ac5b2f-c1e6-4fa7-8607-b1d94e9bb1ae,58,Freelancer,Pune,222793,160,Medium
6c42be55-2b59-4ef8-9ab0-aab837ff7f5d,41,Salaried,Mumbai,99703,51,Medium
9762d003-b863-4bb2-9838-6c4d1d3a3f44,58,Freelancer,Delhi,268317,67,High
db043ce7-aacc-4552-b687-645bcf625058,33,Freelancer,Pune,58309,8,Medium
087f2430-1558-48b0-9f19-6f1237828259,53,Business,Delhi,58527,80,Low
3ff4e889-1324-4b7a-80bf-d1c5942cafd9,31,Freelancer,Hyderabad,238564,100,Medium
11c90fb3-97a1-426d-a4ac-5bb1e428f932,26,Self-employed,Mumbai,160051,174,Medium
830167a3-c43b-4083-a3de-39130fefa858,24,Salaried,Pune,127911,104,Medium
d58e5074-5beb-4413-bc4f-d8049d18742a,46,Student,Chennai,263503,81,Medium
22818ccc-92db-40b8-a0b5-256fd0944ae2,57,Student,Bengaluru,102178,94,Low
4e2371b8-82e1-464b-9f67-6a3c20ccbe9e,43,Salaried,Delhi,251562,60,Low
957c1552-4266-4f15-8d75-8b5f81a23416,38,Business,Delhi,138765,159,Medium
1e83b2ef-e886-414c-a498-e06d68e0553c,24,Freelancer,Delhi,143389,113,Medium
337ee68d-df62-4e5f-a096-36553cc1e91a,54,Business,Hyderabad,280786,22,Medium
46cf1c1e-f404-4a38-8ada-fb27a3e6ecf3,36,Self-employed,Hyderabad,240898,167,Medium
61e027e4-3da9-4afb-80c7-7d7d79371a8c,28,Salaried,Chennai,231204,101,High
9d7a89c1-5c03-43bd-8006-1fb65d913c24,50,Business,Hyderabad,287355,70,Medium
93ca49e0-fdda-4728-8a51-bae7a6914802,42,Salaried,Bengaluru,108783,98,Low
6b750c25-7a59-40ce-85c0-73a2a5a20ab8,29,Student,Bengaluru,173763,170,Low
9086a78d-e436-44f9-a162-dfb554f64875,56,Business,Mumbai,37601,106,Low
3b7f9e84-e217-49b7-b824-95a355a2f9fc,48,Freelancer,Delhi,154227,175,Low
bec12b2f-f6bc-4e07-bfd8-d72e690cd991,41,Student,Mumbai,296854,175,Low
aee65642-1343-424c-93fe-2dba90952843,60,Student,Delhi,78227,71,Low
6e0e0b8d-7e9d-4a39-8d1f-836004ba96ca,28,Self-employed,Mumbai,166094,96,Low
97785747-fd3d-44ce-b3fc-4b031e2a1ece,57,Salaried,Mumbai,173485,160,Low
860b5b93-9229-4ae7-9698-35216f1b422e,23,Student,Mumbai,248820,113,High
051e5ab1-6aaf-48d6-bf4c-3830ed79a8e4,29,Freelancer,Hyderabad,83323,160,Low
d00d2f8c-e348-4bf3-b30b-27c2eb3b2b36,21,Freelancer,Bengaluru,70841,165,Medium
1ad751fe-48a3-4d30-877c-2625390f1b26,49,Business,Mumbai,122096,76,Medium
b02f2902-bfd8-448d-8891-b26bd0b7a195,23,Self-employed,Chennai,100744,153,High
cadc6473-f59f-4230-880e-602c4e6941a2,55,Salaried,Delhi,123125,104,Low
ad867333-a637-49f1-8b4a-2e4ec0cf0f6b,59,Freelancer,Pune,18696,96,Medium
f0e951ff-aec4-4770-92be-d9341f95fe7d,34,Freelancer,Hyderabad,166385,22,High
16641932-517b-49ef-984e-9d254287b678,49,Business,Chennai,60740,96,High
ab92980a-f5ba-4994-9023-3b67f2bd3fe6,21,Self-employed,Hyderabad,78811,119,High
c71cb28e-dc5c-46bd-9d01-9ac03b2d30bb,46,Business,Hyderabad,78232,114,Low
7c7ba67e-c1d5-4802-8f24-b6c6e480df63,43,Self-employed,Delhi,45099,15,Low
d0c732d6-b630-471e-ae2a-faa831f6f1dc,25,Student,Hyderabad,133474,127,Medium
e77887a1-7d69-4ab3-a1f0-038f2cd042d7,37,Salaried,Chennai,106328,27,High
8cf58244-b296-4131-a7ea-9f55582935b3,49,Self-employed,Bengaluru,49540,73,Medium
ccb72fba-afd1-44b0-ac53-e331d7421362,31,Student,Bengaluru,202647,61,Medium
3c23558f-bd75-4b48-ad1a-aa6ade9636c9,41,Salaried,Pune,61002,104,Low
bfb19c7f-96d4-4e50-8bbb-c9f2af140989,46,Self-employed,Pune,206051,120,High
f71b8478-f919-4ba8-8833-5a7a5e5e1a8f,27,Self-employed,Bengaluru,123946,52,Low
6ee5d07b-734b-4bfe-9c62-54620ae44f64,46,Freelancer,Bengaluru,209886,45,Low
89d5f4fb-0382-4759-a775-4deb1c994541,41,Student,Hyderabad,284956,137,Medium
47ed4f59-1ce6-41dc-9cb5-bf076fa62958,40,Freelancer,Bengaluru,189870,148,Medium
88675b41-2ed5-40df-894f-ac5d3d991d1f,28,Self-employed,Pune,297844,46,Low
e59d8d0d-b672-4718-8926-1caa2184fbb9,39,Freelancer,Bengaluru,188423,117,Low
43fdf1a6-4596-43a7-84a7-d5674a12f9e8,48,Salaried,Delhi,228606,73,Medium
6c1f7eea-85b0-4017-a490-7b437e8e76a8,23,Salaried,Bengaluru,193048,116,Low
76114d12-063f-4f0b-bed8-e4cba439a9c8,56,Salaried,Chennai,60095,29,Medium
91c14c62-d584-410d-ab4c-1627299e2ccb,24,Self-employed,Pune,287919,72,Low
a2a2652f-c574-4678-91e9-b6a5a61fcc74,43,Freelancer,Hyderabad,162745,121,Medium
ae348ad1-a9ff-41ca-be94-40eecdad54ed,25,Self-employed,Chennai,261038,100,Medium
d9d516f1-4116-46f0-ac2a-cb5da69a0622,26,Salaried,Bengaluru,269205,106,Low
53c63ecd-8929-4b98-b912-c229591cf84a,60,Business,Pune,254241,140,Low
28f6345e-17e9-4dfc-b080-f75fa5f8ecc5,42,Salaried,Delhi,203799,52,Low
a9cd66c9-d9db-46bb-b62f-0d16cd72d7ef,32,Salaried,Mumbai,223859,43,Low
153bb43a-2ab8-48ee-8b7d-51982c10b928,56,Business,Chennai,166538,174,High
3bbf1778-5af4-46ab-be9b-cdd10b203448,33,Student,Pune,172636,92,Low
ab2adba1-b738-45fc-8446-053b144f5589,50,Salaried,Mumbai,66001,106,High
3a14cd85-4077-4ede-8560-bd47604e5d3f,47,Student,Bengaluru,40711,131,Low
7f1d85c1-31c8-47e9-ab95-fb76a71499ac,56,Student,Hyderabad,232583,44,Medium
3f9a7870-9c8a-41ff-bf90-60e81a601d2f,42,Student,Chennai,141479,59,High
03e3ffc3-ba75-453f-9a3c-3a1c17699696,28,Business,Delhi,279852,21,Medium
e2dffe9c-3cc6-418a-b388-8f86be863743,51,Salaried,Hyderabad,191118,175,Medium
e7c7b4fb-8d1a-4187-9b30-adb5dcddb48f,54,Business,Mumbai,193207,14,Medium
0478aa9b-05a4-4d53-a92f-e52ae38f65b5,31,Business,Delhi,220776,15,Low
fb98fb29-906b-429a-b7ec-a9b034c3505a,37,Salaried,Mumbai,255341,73,High
29d59fdb-e1c5-421e-b70f-a2c0fc5ba65c,45,Business,Hyderabad,234571,128,High
c907bc99-6233-4cfd-87a7-5e9c9d19b12a,58,Salaried,Chennai,157180,70,High
45c2c6d2-db72-4815-abe0-92b98745e8ae,37,Student,Bengaluru,92603,132,Low
ddbc7a70-6936-4866-9020-c2852407b1aa,35,Salaried,Bengaluru,297727,101,Medium
56c918b6-15bb-4a05-b9c3-01196f69e4f3,26,Freelancer,Pune,213522,6,High
89cfbe1d-0dd9-4979-958b-f7693d146ee1,59,Student,Pune,80942,131,Low
f42bace9-0cbf-4656-a3f6-e44b2ea24e06,54,Freelancer,Mumbai,116968,174,Low
38f9e105-d83c-4d2b-abf3-1794e41da293,29,Student,Pune,230516,146,Medium
3de4198a-1083-4ed0-9655-1ce382d5705e,26,Freelancer,Mumbai,77021,89,Medium
afd2f399-4225-426f-bc49-b31c1135f631,23,Student,Pune,57291,86,High
3852d6fc-4fa5-4ced-9b53-4787dd8aeb5e,21,Business,Hyderabad,40675,86,Low
ed437e0d-9a04-4be5-b4d9-d36e160f8d85,46,Salaried,Delhi,120410,20,High
5c957b0b-08c8-4900-a13d-b2814835cd36,24,Student,Delhi,144887,151,Low
7d64d3f9-bafe-4636-bc44-1eef508411ca,55,Self-employed,Mumbai,216554,83,Low
1ef9a814-7b29-4531-909b-8ad3c98a1860,54,Business,Bengaluru,196517,137,Low
f769a43d-72e6-4316-bf23-aeedf548e0f1,49,Business,Chennai,103791,88,High
12a050f0-ff40-499c-8a88-984a5e772e75,53,Business,Mumbai,85533,173,Medium
432cc2ae-c999-4d45-963c-33f22f5d37c9,21,Business,Delhi,156650,32,Medium
bde70f04-2328-4dc3-9019-a0b02a39a5af,55,Salaried,Chennai,257188,152,Medium
4ba883ad-366d-48c6-bad8-37e12d819081,30,Business,Chennai,198887,94,High
8367857b-3ef6-4e02-942f-ca2d5ff6b0b8,51,Freelancer,Chennai,215339,177,Medium
6e639fed-d9e8-4e91-bb3e-06d3c0558c07,22,Self-employed,Delhi,42798,125,High
eafff6ca-90a3-4866-b0eb-066e47ec0561,57,Business,Hyderabad,34477,77,Medium
0c43e73c-14b7-4bfc-813d-458f16083b30,38,Salaried,Hyderabad,288586,77,Medium
c0931be4-dbc6-476d-9f85-c8631d29caac,32,Salaried,Mumbai,121464,131,Medium
0ae81d0e-cd46-4581-8b3e-e067ac291e89,31,Salaried,Delhi,260300,138,Low
f4a808e7-91b0-4c7e-a6e0-436b64dfeba1,32,Freelancer,Bengaluru,243634,150,Medium
e081c88d-8c9f-4488-823f-f261bd896afd,53,Student,Hyderabad,263709,10,Medium
aed33678-45a5-4444-909d-cd9298f7390a,48,Student,Pune,156880,83,Low
8c0becea-8dc4-48f8-93ef-4bb54c814bbd,53,Student,Chennai,169692,67,High
19ec512b-fd37-450c-9c51-1a0c3ab04faf,39,Salaried,Mumbai,260809,128,Medium
2239f5a7-3f56-445a-aa4c-ab71eb321216,59,Freelancer,Delhi,99526,38,Medium
a59ce474-cdd5-4fd3-b54b-1c6e8719c79b,40,Business,Delhi,61220,140,High
7af646e6-9aa3-4c94-a940-7aa294f1b2e4,43,Salaried,Chennai,90277,152,Medium
92e947ca-2400-4514-8c0e-1669daedf6ca,40,Student,Chennai,137332,34,Low
8b5429ec-0787-4ce6-8def-c2365f30ea59,38,Freelancer,Hyderabad,266671,68,High
aecb9482-e962-4c4b-b99e-15aa89bdd74c,28,Student,Pune,66913,67,Medium
6794bef5-fc65-475a-bb72-c97b52891d4f,30,Self-employed,Bengaluru,119092,22,Low
45803689-9fe7-4c3d-9c1d-ec1372b6dd54,25,Business,Bengaluru,252113,161,Low
337442ff-cd59-48c5-ba66-5c2e3165cc7f,25,Salaried,Chennai,171989,87,High
f7f23ef8-7f5b-46ab-9d06-b2bfc18dde55,47,Student,Chennai,143467,76,Medium
81aac841-5a8d-45ba-864e-b13eb49babde,30,Salaried,Chennai,74778,103,Medium
583d80cc-4f1b-44d1-a37c-b4950d6629f4,55,Student,Bengaluru,47088,7,High
a25d410f-0e2b-4e6f-951b-eb660c19678d,30,Business,Pune,211375,171,High
43473193-330a-4ff0-a6e1-56247a8c75c9,46,Student,Pune,150189,176,Low
9b4061f0-5f77-4bdb-a255-bb29e3ac4d03,59,Student,Hyderabad,112718,162,Low
6fc703a0-1df0-43c2-9339-1eaa3740530b,40,Student,Delhi,45949,46,Low
256cdc11-116c-4d3c-bab5-10072b2ddfb9,40,Freelancer,Hyderabad,126541,113,Medium
1acc0be8-f4ed-4812-b50b-7e99e28dd02f,40,Self-employed,Chennai,76842,116,Low
fa37dbf1-c9d3-4b28-98fa-2bea8f970588,50,Freelancer,Chennai,162265,58,Medium
05f56566-ce88-43bf-afe9-62d043d85d2b,23,Freelancer,Hyderabad,259629,139,High
b4a15eb0-8319-4579-87bd-12e59a1bda01,47,Self-employed,Bengaluru,180582,15,High
a561e648-8191-431b-8843-c4f52d50d803,53,Student,Delhi,27360,101,Low
95ddc81c-2dd6-4f1b-a3da-d3c6936ce7e5,26,Business,Hyderabad,109767,105,High
070922c6-f0c5-48c5-b6ef-0dda38affac7,22,Self-employed,Delhi,69330,162,Low
4dda270d-3ad0-494a-b541-15a010ef34ee,21,Salaried,Hyderabad,55387,88,High
c9add3d1-fc77-4133-b061-0d3e195f1384,35,Student,Bengaluru,201633,64,Low
2da8a0c6-d41c-4ca4-a270-3ff31e468efb,41,Business,Mumbai,269511,128,Medium
286d0a8a-b326-4128-8876-0a5d5f74c06f,56,Business,Chennai,278957,103,High
d72b9a1a-7ab9-4987-b59d-f9c3d4a4c1ef,45,Self-employed,Chennai,99381,33,Low
5911a1d5-6a60-4cd0-b395-b7087f9aa93c,24,Freelancer,Delhi,208984,12,Low
8d3c7a6d-6556-424f-af11-5c295dd9627b,29,Freelancer,Pune,228808,169,Medium
a64c011a-5063-4881-823a-c6f8288acd54,30,Student,Hyderabad,279064,169,Medium
9be0ba58-6218-47f6-90bd-e0807e192899,52,Salaried,Bengaluru,91872,37,Medium
48b92515-7157-4c0f-b887-6ade1268164b,47,Self-employed,Pune,97289,59,Medium
98a91ec7-db45-4a5b-bca4-c3cd999db4a9,55,Salaried,Delhi,93513,90,Medium
981c6b05-48c6-4a72-b4d3-71b11340bc8c,48,Salaried,Chennai,274480,116,Low
b769e2c5-c37c-4889-95d3-0d98dc90f8dd,24,Business,Delhi,206758,98,Low
95daf5f5-13c9-474b-a175-aaa053562512,29,Business,Mumbai,148498,160,Low
25256922-cdf7-49c5-92f7-4779ccbe8e00,39,Student,Mumbai,105009,97,High
4fce62ff-a715-40b0-9521-584f917c52bb,40,Business,Chennai,59816,173,Medium
f5c5e81d-0a1b-445b-9ace-a24bf5a14a5b,43,Self-employed,Pune,287422,116,Medium
b40a75f9-a68e-4587-aab0-448e491ef54a,53,Salaried,Chennai,110667,115,Medium
482d682a-5581-49fe-b011-a3b3cf606382,54,Business,Hyderabad,248540,45,High
4d6320d8-93f1-40f2-8cdf-dc4e6a5efafe,23,Freelancer,Delhi,25442,67,Low
43803215-6237-40d8-bf00-f0deaca45ecf,53,Student,Mumbai,196561,80,Medium
bb636383-3a72-4ea2-a9c8-81c6e3b077a3,30,Student,Delhi,49397,87,Medium
757cff4c-4e91-4f68-a7a2-887645c6b1eb,39,Freelancer,Hyderabad,172221,169,Medium
e35ce55b-b81f-49b9-bd92-921331767cfd,23,Self-employed,Mumbai,292068,107,Low
b58b5f8c-a98d-44d4-9e12-a6f2556fb910,47,Student,Hyderabad,278158,13,High
26130379-331a-423b-a8a4-65cdb7598381,37,Salaried,Bengaluru,97409,78,High
3d53bda6-a34b-4f87-a5d4-71328fc30070,26,Freelancer,Bengaluru,189588,112,Medium
433b7733-8a12-4ee8-ba1f-ee370b2b4546,59,Self-employed,Chennai,23024,118,Medium
4abca7ce-91b8-496c-a875-76fcbe144405,53,Freelancer,Chennai,189875,42,High
9fb2f8c6-8847-431c-ab0d-93fa5d397b62,41,Salaried,Hyderabad,158927,7,Medium
3d5e0a66-00de-497b-832a-110fd7c92c93,58,Business,Delhi,297169,173,Low
0d8a1ffa-6562-4547-ae30-69d2b5de59a5,57,Business,Bengaluru,189499,84,Medium
2cdb1ff0-ea19-411a-95e9-723157ab843d,38,Self-employed,Mumbai,193267,103,Medium
1489d85d-116a-4ea7-b00c-4307a7bb7ed0,31,Student,Delhi,121133,9,Medium
ed081019-c44e-4d6c-b452-97eaf88b5d64,27,Self-employed,Pune,112493,66,Medium
64e3e2a9-365c-445a-b8d1-dadc24a6a270,44,Student,Delhi,200194,73,High
749e73b8-2a2f-474a-b1e5-acc34eed2b3c,21,Freelancer,Hyderabad,214886,60,High
7e571ab8-722f-4074-aaaf-daf86f8e6373,58,Business,Delhi,28261,126,Medium
26d54002-bdda-4772-80be-c1a2e5f3feb8,49,Salaried,Mumbai,290796,138,Low
3ba6d377-9269-48ef-bf5e-4303cad67a29,30,Salaried,Mumbai,115336,97,High
f555eb1d-fd90-4fe5-ae21-f0ee537c3e80,27,Salaried,Chennai,164524,114,High
c04b6630-1d73-4265-ab13-de0b2d8ca004,55,Student,Mumbai,162026,74,Low
2563301f-59b4-4cbf-b358-24d5d47e9874,24,Student,Mumbai,143128,145,High
cbe0195f-9eac-4d24-a9b4-a965f251adff,43,Business,Chennai,167297,158,High
908b83c9-6bc8-458d-a63e-02a5c51d7f2b,44,Salaried,Mumbai,141270,158,Medium
cbb62f3e-f56d-4f13-99e9-8e00be7a9c45,52,Salaried,Chennai,257998,60,Medium
5e5e75d5-674b-4984-9121-1123c6a792f8,25,Self-employed,Pune,256503,41,Medium
d23bc217-b5b0-488f-8f10-d4755f5bd142,59,Business,Delhi,77061,85,Low
1f968bc6-f735-4af0-b0e9-17693f0ddf05,41,Freelancer,Hyderabad,38408,66,Low
423948b3-5d9c-47b9-beff-88add6d81d3c,26,Business,Hyderabad,146208,114,High
99963a2f-40cc-4388-ac96-05dff9d58a06,42,Self-employed,Mumbai,71358,174,Low
f031c22a-a85d-41f7-8e95-1692e7a0231e,25,Student,Mumbai,238861,175,Low
4e471188-5976-4c30-bca2-a39fe5699af8,32,Student,Hyderabad,91240,163,Medium
11670eb6-b686-4099-bcb8-d0e3a4be7919,42,Business,Chennai,21968,34,Medium
88d0d471-78ea-41e3-9832-36350759ee27,43,Freelancer,Bengaluru,278844,146,High
4267ec66-f4ef-45ba-ac6e-72b24942f823,43,Freelancer,Bengaluru,38199,50,Low
c981d689-901b-4390-852c-4793d85a45a0,60,Salaried,Pune,20520,90,Low
5d33d3dc-c363-405f-8eb2-b0722a2c3296,26,Salaried,Pune,138364,113,Medium
59248d70-ab7c-42ed-b5b2-8da4b39c41c7,50,Student,Bengaluru,190121,155,Medium
c4137989-0f57-48d4-8222-369df2e3a0ab,50,Freelancer,Chennai,265144,131,Low
5ff71bd2-b75e-4b1e-b38b-8f0355361e0c,30,Self-employed,Bengaluru,167185,120,Medium
0cbb317d-d423-4eb1-8318-0ceb44a7d3c4,29,Salaried,Bengaluru,44345,33,Low
68575650-e21e-4ab3-ac78-6b497b018769,39,Freelancer,Bengaluru,276798,123,Low
7ec75ead-ca6b-44f8-9f07-34d4d1783d40,48,Self-employed,Pune,18453,157,Medium
be365490-79d8-4ac8-9ad1-d38a798b52a6,29,Self-employed,Delhi,189442,38,Medium
9fb8322b-75c9-4f0a-b08a-f4e7ea80d644,39,Salaried,Bengaluru,51320,79,High
b724834b-1f73-4c0c-9848-7995f5fd124c,21,Business,Mumbai,249473,162,Medium
9750865c-34da-49b3-9624-eedccc56bd20,33,Student,Pune,176121,134,Medium
37ced9d6-2738-44c8-bbaa-f27cfcda0541,33,Business,Delhi,215796,53,Medium
f8c201c3-89ac-4c50-bf6e-2ee37ab13c76,49,Student,Delhi,217160,44,Low
553d07bc-eb59-4359-9960-5570a6798f3a,44,Student,Chennai,99607,31,Medium
97069c9d-c746-4516-b439-29652af238a7,25,Freelancer,Bengaluru,135076,31,Low
a4521c02-5f18-4157-89a8-62ab0d0d5542,23,Business,Hyderabad,207816,12,High
5ad74fe8-64de-4ccf-b109-68b96ab4b793,59,Business,Mumbai,176081,58,Low
c04958ec-3f51-4f75-843e-f9aa79ce6296,37,Freelancer,Chennai,15192,176,Medium
80ad9f07-3a73-4dd1-8e7d-5ab1eb5793fc,23,Student,Hyderabad,138130,34,Low
73a87646-3c4e-433e-b523-064ca2da3e57,52,Freelancer,Pune,51468,31,High
99466ff0-02fa-49e9-b1cb-ba628a53584e,29,Salaried,Chennai,251187,125,Medium
e27e8b87-02f1-4c37-a498-9bd16ac7adc6,49,Business,Mumbai,264664,91,Medium
a8c4847a-0bd9-470a-83f8-b438a34996f5,27,Salaried,Hyderabad,291815,162,Low
fe9942b5-6998-4467-8cce-1e35c90ff670,22,Freelancer,Chennai,195882,174,Medium
32918e48-56ae-4add-bddd-43b6a9e18763,31,Salaried,Delhi,19994,179,Low
e520f052-d2c1-4017-bbea-3b2e3596b2cd,60,Salaried,Pune,52405,151,High
a8573cff-e621-4dc7-ac0b-df7f7a524380,22,Student,Pune,189514,141,Low
7dee0fa7-5b40-44e2-9328-3787f84950bd,26,Business,Mumbai,148653,109,Low
a68be4a0-a49a-4134-9823-7693a832c7fd,35,Student,Pune,222139,121,Low
c8739f30-ed34-4935-abbd-74b01a8c8ad3,38,Salaried,Mumbai,26064,71,Medium
d32bb5a4-9544-4ba3-b7d6-f84201f38a01,35,Student,Delhi,283620,25,Medium
7a609fef-22c3-4b8e-9db6-acabf789b956,49,Self-employed,Chennai,191348,72,Low
fdd1c62c-7d56-477d-a6cb-e27b0e7e5862,23,Student,Mumbai,94698,69,High
0474f4e4-edc0-4166-ad34-fc9067c72f05,24,Student,Bengaluru,60095,65,Medium
2482daa3-2c42-4f2d-b8bd-1e814fd50303,51,Salaried,Mumbai,148962,112,Medium
5f2d122c-850d-4e92-b67f-2940d3265e28,50,Salaried,Chennai,285170,135,Medium
1a19a533-c03c-4537-840f-153a412da926,29,Salaried,Pune,286421,97,Medium
0311e5ef-8ac9-4b90-8cc5-57d28227691b,54,Self-employed,Hyderabad,146742,66,Medium
eb6f9b9d-348b-49d4-ae28-98ffa172f86e,35,Self-employed,Delhi,190607,53,Low
9aafa2c6-556e-4c56-bd43-40f0297e76da,56,Business,Mumbai,260144,141,Low
49c7a694-bd2c-4a1d-b5c7-d70e8ed17287,57,Student,Pune,210784,117,High
9b8990d7-b153-48f9-8359-e7d481db1060,59,Student,Bengaluru,178244,63,High
8e41a5d2-38a7-4a42-9150-5dd8fb053b28,55,Freelancer,Chennai,297320,49,Medium
5db9622b-cd8e-4d1f-a72d-ec0f6f069740,27,Freelancer,Mumbai,297140,97,Low
10b42cfd-7a92-4ba4-8ec7-dd19a9db846c,48,Business,Chennai,139168,139,Medium
85fefddf-568a-4c75-8754-57c45a6a0c67,36,Student,Hyderabad,123944,136,Medium
3025d668-18d5-43b7-8117-f360f017ff6d,46,Freelancer,Hyderabad,262572,41,Low
5503fbec-1051-41f8-87c3-751b9dda3d87,57,Freelancer,Hyderabad,212097,67,Low
01e17302-3a83-41ca-83be-e78b04686c5f,33,Student,Delhi,99811,16,Medium
e5f0c82a-ece3-4005-b4c1-068e7a8694bb,60,Business,Chennai,31999,135,Medium
49169e3f-d267-4ae1-afb1-7e6743c7543e,50,Freelancer,Delhi,213237,143,Low
68307d72-48a5-41ed-a598-ae0373ebe6b0,35,Student,Bengaluru,125986,85,Low
c504b66d-7311-4f5f-8774-ef8b5095cdf2,46,Freelancer,Hyderabad,64522,28,Low
bbc1b48b-cd1e-445f-823f-f5c5e5f2c7e1,52,Student,Delhi,22485,118,Medium
edacd7ad-6d2f-4bec-878a-a68d778bae1c,58,Self-employed,Chennai,127701,171,Low
255562e0-cf35-417c-be01-dc086d481885,50,Freelancer,Delhi,289370,66,Low
a9e9b604-31da-4552-b7a1-e6c39019d224,50,Business,Bengaluru,225048,178,High
eb5e5105-6da6-4f24-bf53-bd86a8d16355,41,Student,Delhi,52019,127,Low
050082b2-9144-45ff-a7b4-10bf40ab2ebe,33,Salaried,Chennai,80133,160,Medium
e34a3105-a8a3-4593-82db-d763067d8b99,42,Student,Mumbai,173598,79,Low
90ef680b-4fe8-4820-a073-f8a671ae4694,35,Freelancer,Bengaluru,260172,137,Low
74157720-a664-4056-bf51-83788407315e,26,Student,Hyderabad,140814,89,Low
ab8f0d60-854a-4396-a6e4-7a852f641e68,32,Business,Pune,168939,166,Medium
984e1dd3-8f63-424c-b45a-91f4b733178b,57,Freelancer,Hyderabad,105880,68,High
a21f5c68-1893-48dd-b494-4821b0e15c6c,52,Freelancer,Chennai,166956,168,High
a41380b6-d883-4862-baa5-4383f50f3861,26,Self-employed,Bengaluru,165331,61,Medium
edc8fb73-e419-4b92-a8d0-116856a9c81c,60,Freelancer,Mumbai,80901,162,Medium
9abd369a-3591-4ea6-8d0f-0fac103a9e61,60,Self-employed,Bengaluru,93278,82,Low
f63197f9-443e-4c8c-a742-8f65cf210293,28,Self-employed,Bengaluru,112537,80,Low
0674eca9-862e-4ed0-a14c-f84739b3f78f,58,Salaried,Chennai,196429,32,High
fb206bf6-db24-40ae-a7e3-81bd84eb84f1,51,Salaried,Pune,90403,96,Low
95ee6346-068d-4521-b8ab-eec69f2aadef,30,Student,Delhi,119927,114,Low
b1486a6f-d6cd-445d-a410-8fdf7f662243,55,Student,Hyderabad,38386,100,Low
cc205283-5a65-4ad2-96d9-42debc3006be,33,Freelancer,Pune,267156,118,Low
ee4c07ca-aaae-481b-b663-f44181e1be2f,31,Self-employed,Pune,263724,163,Low
d15c0006-7d93-4c52-ae45-749946ff9e8d,55,Business,Bengaluru,160406,91,Medium
ffc11c27-b2df-45b2-a885-78e1ad33b632,34,Self-employed,Bengaluru,272438,157,Medium
1e78a8c2-9175-47e7-ae53-60a9da312a9a,55,Student,Bengaluru,182679,8,High
1389c0bf-5910-4f9d-99a2-1c4e6c8633c5,41,Business,Hyderabad,101724,130,High
02d2d46d-0bf0-4dcb-852b-6103b6a3f3aa,39,Business,Chennai,111393,30,Low
307ef11d-faaa-4b1f-9191-7bb0362bb28e,39,Self-employed,Mumbai,86196,176,Low
94740026-e195-4ea8-97fc-8c17a3763f58,45,Student,Chennai,48340,25,Medium
11ff14c0-5a27-4547-a9b0-2cae111491c6,39,Business,Bengaluru,128711,92,Medium
25938c59-9f06-4b43-8a40-bf49be1b2bb8,54,Student,Bengaluru,282885,33,Low
41bacaf5-0adb-45fd-ab7e-dbeb8441ff7e,25,Freelancer,Mumbai,83798,56,Medium
9986774e-0c18-40b4-8c6c-8f8c32d0b512,32,Self-employed,Chennai,299308,55,Medium
21b3feab-7f09-4994-b2f4-125670d7e3c6,58,Student,Mumbai,67691,158,Medium
976cf1d0-b595-4fc6-b056-375ad7f99ebd,52,Business,Chennai,29026,144,Medium
986d3dbf-032b-4cc6-9dd8-cdd438f3e423,38,Business,Pune,34610,125,Low
549fb875-e78d-449b-a0b4-a75ee1175d8d,31,Student,Mumbai,193646,26,High
1043600a-1d42-4d69-8330-ec3f87156523,25,Self-employed,Bengaluru,237123,92,High
a8fbede6-e52a-4606-8fd1-a7ed32a82932,30,Student,Bengaluru,34288,155,Low
fd9ffb4f-36ba-4366-a5db-636b65f49275,21,Freelancer,Hyderabad,268187,148,High
d0491723-0146-41f0-aa74-219a5fa3f88b,32,Business,Chennai,294143,155,Medium
94c871a9-a05a-4b4f-95a2-f736832ef59e,37,Student,Hyderabad,76169,98,High
99f5fbcd-d39b-4f33-9053-236b9e13e25d,34,Student,Hyderabad,74821,153,High
28e01390-3f3a-4865-876c-5d17aff52194,53,Freelancer,Hyderabad,229127,124,Medium
3697318b-23f6-44a2-b5ac-4380f674268f,35,Self-employed,Chennai,218834,17,Low
8e3c9312-e204-4bbb-9be5-2bb210df08d7,40,Business,Pune,180159,171,Low
4e165a0f-36e5-4901-af65-5c5472c7c5dd,48,Self-employed,Mumbai,214298,95,Medium
c38ef1b8-6d68-47b5-8fa8-0251dcadd06c,33,Salaried,Bengaluru,151285,71,Medium
477444ba-24cc-4e11-87c0-883daa19f3c6,58,Business,Chennai,237128,71,Low
13b72314-5cbf-4275-aba9-2c99c2466fbf,46,Salaried,Mumbai,199099,80,Low
7b9754c4-2519-4a6a-a9ea-56c4a6ab2fb6,60,Salaried,Mumbai,271875,48,High
7fd4b4ca-7a17-4f92-9999-23e8b486be67,28,Student,Chennai,29995,34,High
d2ca3fee-a76f-4f13-bc64-cc67f9fb95ec,40,Self-employed,Mumbai,113000,121,Medium
f4b694e9-51dc-42c6-b215-4674da9fec01,27,Salaried,Chennai,40517,50,Low
f991622f-8253-42dc-89fb-2ac1449b88b9,44,Self-employed,Hyderabad,120686,78,Low
6f547862-8529-44df-b133-e960829aef83,40,Freelancer,Hyderabad,210490,42,Low
88588c14-1033-425d-a394-b105b57ac1c4,37,Freelancer,Bengaluru,130945,124,High
74b64f18-0eea-4ce5-a054-2ee5d7f3e3c3,35,Self-employed,Hyderabad,202655,100,Low
84351b84-877a-4ae0-97ed-d688e5c53520,50,Freelancer,Mumbai,155148,115,Medium
724d8ac9-7f2e-403b-b6a9-7090de53aef0,32,Self-employed,Delhi,20750,22,Low
0adc52f3-4912-4914-a48c-d7d7d6fe1daf,50,Business,Mumbai,50903,162,Medium
f345bcd7-3d50-44ae-8138-f4d1a8b0c6b9,31,Student,Hyderabad,102954,103,Medium
c5141010-dda5-4295-9a80-46995935c8c4,54,Salaried,Hyderabad,132305,25,High
ff3019bf-a104-4a9f-bb09-e1f7dbbe4a69,58,Freelancer,Bengaluru,215753,143,Low
ae8957d1-f41c-4046-95be-fa28e1ed51b8,35,Self-employed,Pune,60619,89,Low
8646ea26-251e-4791-a46e-9bfbf489ba5b,57,Student,Pune,248346,131,Low
4eb50402-9c53-4e0e-bbe9-30598bcc4d5b,60,Business,Hyderabad,41616,77,High
73fc5b7a-6de7-47cd-891a-c2b27ddf11c4,43,Freelancer,Bengaluru,200639,109,High
996fc961-d520-40c1-a300-e93214a45451,30,Freelancer,Hyderabad,70863,44,Medium
b0fbdb17-8695-427f-81f0-b8fadc9b4773,33,Salaried,Bengaluru,268347,41,Medium
eed0f48b-81a4-4a25-accd-4068b5273d6e,46,Business,Delhi,262908,91,Medium
1e149b73-da8c-4841-9571-1474132a33b6,51,Student,Mumbai,207003,87,Low
83143fe3-8bd6-40ec-93e5-1ae628f957f1,44,Salaried,Hyderabad,289597,132,High
43fa60d2-2607-4fab-a24c-1107277642c3,43,Business,Pune,30735,27,Medium
342779a4-fb82-4276-9ee1-026856c01783,51,Student,Hyderabad,190745,124,Medium
f5b94224-0ed9-4795-9377-c8c015e6a464,48,Student,Pune,60066,51,Medium
c00d77bb-3618-4b73-abcb-c6efc269d3a4,58,Self-employed,Delhi,287836,15,Low
eced7849-043c-457d-8d02-2c20ade0cb8d,44,Self-employed,Chennai,81983,104,Low
788d5ca7-2197-44b6-a5a2-24057c838933,43,Business,Hyderabad,225747,150,Medium
bdbbed93-ce2d-49a2-ba20-bd6fb4d529ab,54,Student,Chennai,267084,14,Low
32be5871-4e96-4dd4-9aae-b8e83d3a197d,33,Self-employed,Pune,239021,94,Medium
1a49320b-83b0-4a93-9cdb-4e9661c7854a,35,Business,Bengaluru,88616,111,Low
f59d7d68-a3e1-4155-bdeb-dffe7b985b50,35,Salaried,Pune,155558,68,Medium
1bb50562-df2e-4f50-b64d-81292f91de09,59,Freelancer,Hyderabad,73870,18,Low
d19f9f1c-24a3-474f-bb24-4a6d4ccbe36b,29,Student,Pune,116407,45,Medium
9cc1bad3-65a7-402d-a7b6-83e353e8f96b,46,Student,Pune,46379,87,Medium
41629531-d96a-47a3-83b4-e3a36a61b33b,36,Student,Hyderabad,196068,81,Low
f910f6da-0105-4a6d-bbaf-5ead7a992359,58,Business,Mumbai,129091,76,Medium
4835bffe-ff2f-4595-8b6a-15dcdafa075e,38,Salaried,Delhi,244602,149,Medium
0fac4d90-e61a-42cf-89b7-d1bcedae7593,24,Business,Chennai,205246,94,Medium
e99b7c5d-c2c7-47fe-8121-69c024fbb661,60,Freelancer,Delhi,258935,146,High
8f30a39f-712d-4477-82e1-13a464cbf7cd,57,Salaried,Chennai,138728,139,Medium
a29d7072-dbde-44e3-8a4f-174a3f57adf6,46,Salaried,Chennai,159972,19,Low
570b098c-b272-4868-bbb9-84f4dcfae95f,24,Self-employed,Delhi,297933,44,Low
5792402d-6f34-4462-87b9-8c25d55104fb,52,Salaried,Pune,124388,171,Low
276ada6e-240e-4a04-b4f0-40d8d72f5436,50,Freelancer,Bengaluru,96972,161,Medium
d8c6913f-c14c-44b8-8499-fa264bc73e13,54,Salaried,Chennai,196890,155,Low
f32d39d7-0a62-4921-a82b-8acae3cea03d,28,Student,Chennai,230286,67,Medium
6f116507-57eb-45a8-be9c-85efeab6361e,26,Self-employed,Delhi,258896,37,Medium
979dee5f-fe32-42d9-b7bf-b0df5a7a9d75,30,Business,Delhi,26874,136,Low
e14fcd11-78ff-4183-a073-865805aaf38b,32,Business,Delhi,291223,64,High
b2773a1f-d049-4646-87bf-65be8fc3cf2e,49,Self-employed,Bengaluru,135606,74,Low
862ba523-530c-495d-ac13-395ab8486189,51,Salaried,Delhi,165872,89,Low
f88db582-2475-4ae2-96af-6001c4986dad,42,Business,Hyderabad,166014,137,Medium
6b2c41f0-e981-4167-baf8-deb4b2b4ce75,40,Freelancer,Bengaluru,199844,86,Medium
92a17a9e-8b1e-4ace-a8a4-b471e6d4d491,35,Salaried,Bengaluru,84504,22,Medium
def19fc2-3edf-4d70-8448-e1f65cb079fa,28,Salaried,Chennai,31279,114,Medium
3c3f7a1a-6369-4d08-abc7-b934c5a13eec,46,Freelancer,Pune,106911,116,Low
11b87bfa-ff70-4fb1-8186-71f6c1878de5,57,Business,Pune,236094,161,High
e63c8ab6-72f2-4a50-8dc2-26ee8495c0dc,22,Business,Chennai,97806,150,High
5793a2a0-2bf2-451b-b9ea-1d3002af9ec7,33,Salaried,Delhi,212478,101,Medium
dc91597a-8e3b-4347-b0ac-0b089498d61c,50,Self-employed,Chennai,180596,87,Low
583daa63-b7e5-49c2-84d8-0a63c2506500,41,Freelancer,Hyderabad,247204,99,Medium
68ea17e9-9651-4e2d-9e9e-d4065d61e53c,37,Freelancer,Chennai,196871,173,Medium
628e9bf5-4b6c-4494-bf59-33366fc58722,35,Salaried,Chennai,258154,113,Low
552b7041-b929-4e60-b772-08cd0f4ef32d,43,Business,Mumbai,250998,133,High
56fcdf6c-d96a-4db1-b128-985f8791e470,53,Business,Mumbai,136757,62,Low
24e0ad9f-dc1e-4b4b-83a7-b0c92024736b,21,Freelancer,Bengaluru,181536,49,High
8434fc8c-be8c-421d-9ead-6bad1f788952,36,Business,Delhi,290553,14,Medium
a3f0777f-59be-4ffa-a4be-fbdb12d47ffc,32,Business,Chennai,246182,141,Low
04c549f8-73a7-49f9-adba-a2ed992a36f2,47,Student,Chennai,203487,17,Medium
5798f791-cdaf-4517-abde-ce2401e08fa1,60,Salaried,Delhi,242434,47,High
c41beed5-e358-4d2f-9e2c-0d6c57e77916,31,Business,Hyderabad,31061,108,Medium
6cb1c665-614e-4b49-8d98-95155f35f4ec,37,Business,Pune,128502,165,High
4cb1c575-21ab-41c3-b9ae-22e67666953a,49,Self-employed,Pune,271505,90,Medium
a0250e5b-192e-4ca1-b658-b0545e88a7ce,58,Freelancer,Chennai,191469,170,Medium
bad0244d-e4aa-49d8-bb8a-8b5c691bf436,28,Salaried,Hyderabad,171140,120,High
45acec5c-1b5f-4cb0-a93c-48a2103767c0,41,Freelancer,Delhi,169455,120,Low
f25a478e-3f07-4e8b-a7f2-b549b68b4c02,60,Freelancer,Chennai,106198,88,Medium
46f5466a-627c-4cf6-8dc5-8fca7a684f3d,48,Business,Pune,56830,22,Low
c2ed2488-4129-4fdc-89fb-fdd5d1e54ba3,39,Business,Bengaluru,286365,33,High
b9aa5f8d-cb66-4785-b925-8db7157258bf,57,Business,Chennai,91918,120,High
874bcd20-5cec-4d8f-8290-5561eec4266d,42,Business,Hyderabad,243931,48,Low
28a7f2e0-4e06-4dbc-beb8-7908a86e0b82,33,Freelancer,Pune,223547,57,Medium
e973aaf6-dc93-47a1-8e23-c4338fabbcaa,52,Business,Chennai,71889,110,High
5ffa717a-2585-46c0-940a-e16922aa9f0a,39,Salaried,Hyderabad,53134,104,Low
92009c76-6475-4fc5-8336-3d1d5b8dc604,60,Business,Chennai,201093,33,Medium
6b4d53ac-2344-4415-b1a3-e4e9dbf47c64,38,Student,Delhi,282136,53,High
5a334cf1-9e89-49b7-93c4-69d256465896,32,Self-employed,Hyderabad,271446,119,Low
39943dbd-b6bb-40e5-848a-a0b9c690c6a1,58,Self-employed,Pune,194075,160,Medium
9db94b8a-de73-457e-9e55-c7f5742bdb01,32,Business,Hyderabad,228175,36,Low
ae54aca3-f5b5-40d2-b8ac-b294cf50e413,45,Self-employed,Hyderabad,267557,39,High
527f33e3-061e-4987-92b7-07715bd1d985,44,Self-employed,Delhi,282842,123,High
a3108db3-cd80-4d9b-b2b8-888b2b656834,29,Freelancer,Chennai,222849,31,High
5498b11a-ce40-49e0-b146-cea37f7f5562,60,Business,Pune,253483,15,Medium
889994e6-e3a9-465a-9075-eb50dc47325b,44,Salaried,Pune,285146,10,High
3d3b4d76-ce73-4eec-99e6-f15e18a1b84c,47,Self-employed,Delhi,233306,118,High
1a9132c4-a0a3-4555-98f4-b1e5f0d38816,55,Business,Chennai,195494,110,Low
345866f0-5529-4f09-b07e-dc7596b9c9a4,54,Freelancer,Mumbai,292785,100,High
c67ed063-5f06-4a6f-b187-c12094c2bcd0,32,Salaried,Pune,251371,137,Low
a451c2ed-9a75-4629-9f78-fc9cc4c96878,21,Self-employed,Pune,166638,94,Medium
10c49421-5611-4dc1-ba7d-84373fcddbc3,23,Freelancer,Mumbai,281909,127,Low
0d0d7c62-4d72-4bbc-934c-3fc1b8a8af03,45,Freelancer,Delhi,174892,89,Low
225558ac-bcf8-4cc1-9860-df86be7df22b,42,Freelancer,Bengaluru,86088,121,Low
965fa57c-c2ac-46b1-80f4-3fb60c1bd7c6,35,Salaried,Hyderabad,119188,115,Medium
0f0feb29-d8c3-496d-bf5e-6a01951c3e38,35,Self-employed,Mumbai,69195,51,Low
aef07bbb-067c-4071-8abd-b921a671ea0b,41,Student,Mumbai,169648,126,Medium
98a50d97-10bc-47ec-8e4b-fbe4a06536ee,26,Student,Hyderabad,293404,118,Low
885f94c3-d032-4254-85c7-352b28e551cc,43,Freelancer,Chennai,71683,96,Low
96206f41-7694-4096-b7d1-bbd53fcde592,41,Business,Bengaluru,171177,109,Medium
bf790097-593d-4ab7-8663-3b33da2a6300,23,Student,Chennai,221486,45,High
a9738558-8ad6-4ce8-97a8-5502b094c358,45,Business,Bengaluru,156449,66,Low
47263439-c398-4552-b8ab-6ae09458fc28,58,Salaried,Bengaluru,258767,98,Medium
fd0b70fa-0775-483f-821f-1719ec7441aa,21,Salaried,Mumbai,241817,109,High
8d228233-ac49-409a-87f1-eae99f19fbfd,50,Self-employed,Delhi,17866,16,Medium
9d334dfe-17a4-4d4a-9a85-5e7a8e2090fd,32,Business,Hyderabad,295539,172,Low
40e2a0a5-52d5-4ec1-9c1d-9d8b3f76a2d2,33,Freelancer,Delhi,180465,128,Low
9e1728ca-895e-4ac4-aa66-640a5da5662d,48,Freelancer,Delhi,136724,127,High
063a4daa-11dd-4702-9374-720050b62302,59,Salaried,Pune,132192,167,Low
120fb473-25d6-4c92-87b1-247b577a7134,51,Student,Chennai,257934,57,High
f44839f6-f289-4bf9-a588-00ee5e458cd0,32,Freelancer,Bengaluru,136688,134,Medium
79347864-1687-4f67-8af9-93c6d87bbe89,42,Self-employed,Chennai,200782,45,High
4b98bc6e-f86a-45ef-8a44-fec5be581cfe,21,Student,Bengaluru,237820,70,High
974400fc-6c9c-47a5-b1b6-932fc97620a4,41,Salaried,Bengaluru,194689,84,High
36b3f272-f177-4619-8127-4513745c85a4,42,Self-employed,Bengaluru,89960,171,Medium
5b5c2a19-4648-4ae5-b798-945b16a59426,36,Business,Hyderabad,58618,13,High
8452305b-ddb6-4209-842b-dbd3a29086b6,37,Freelancer,Pune,231750,22,Medium
7300963c-abd2-49d6-876e-eddcbf079a1f,46,Student,Chennai,270989,146,Medium
793fef15-d66f-4575-86f8-6977529ff8bc,34,Business,Pune,93672,178,Medium
090433fa-6e3a-4218-aa40-6a3e244b6278,34,Self-employed,Pune,76602,77,High
69355f0e-8e82-4b49-98cd-f5cae1213e9a,35,Salaried,Hyderabad,256084,59,High
2fe45fd5-2a68-4aa4-ac5b-17252527b5fb,47,Freelancer,Mumbai,198804,18,High
b5308dc5-8e45-4ee4-8655-47262de17bef,51,Business,Pune,90504,168,Medium
b6ff04a6-9b59-4139-be8e-aa92d8869f31,26,Business,Mumbai,155347,63,Medium
51c275e3-0604-4555-90aa-64a4f3eb9da6,43,Student,Hyderabad,137672,167,Medium
6cd3314a-458e-430f-abf7-514e91e66dc1,25,Self-employed,Chennai,299697,25,Low
0dbf23c5-ec44-4826-b55d-2b51db2e7502,26,Salaried,Mumbai,85021,64,Low
ff4fce21-0deb-4974-aec5-396d7fd0c53f,38,Business,Delhi,176215,137,Medium
e842fe48-446b-42dd-92f9-97367226804d,34,Student,Chennai,251304,18,Low
cc701967-0356-4051-ba8a-d153aea96ddb,35,Self-employed,Pune,291863,24,Low
a35dbf3b-8d2e-48ff-bfe6-ac8f55ed7d8c,55,Student,Bengaluru,68822,86,Low
d4aec63b-daff-4463-a6e8-58e3220ab9da,39,Self-employed,Mumbai,197690,153,Low
c36e7e89-e65c-493b-8115-8de89c166759,55,Student,Hyderabad,33019,165,Low
2a6ed43e-926b-42fd-ae8d-ee13a0c308c9,60,Salaried,Pune,126023,157,High
29f97afe-206c-409e-b014-0e944a1df4f4,37,Self-employed,Chennai,77780,76,Medium
2b8688f4-6b68-4d7a-aeec-a6513c421c5f,55,Self-employed,Bengaluru,184024,37,Medium
e8632be1-ecbf-4148-baf5-358fc86a912d,33,Freelancer,Delhi,137019,63,Medium
1bcaafeb-b40c-4f3a-981c-fdc468f3d3ba,34,Self-employed,Chennai,286487,170,Low
964c5abc-0fab-4d7e-a340-1855ee6af79c,35,Student,Chennai,185863,73,High
965a5484-cff6-4c1f-9df8-718e4719d4fd,36,Salaried,Chennai,245183,149,High
575c0b68-90af-4325-a9dd-43d318902608,24,Self-employed,Delhi,208725,178,Low
99f89ec7-d721-4adb-94e5-2f26262005e5,22,Student,Chennai,263044,36,Medium
7e401d42-7eea-4be3-b9b0-ff1209a2b417,28,Self-employed,Delhi,126362,29,High
f5b49303-e942-40f7-9769-064b04c32737,51,Freelancer,Pune,215462,50,High
e9c019a7-02d3-462a-bf08-944058b7d541,59,Student,Hyderabad,201950,130,Medium
a43a00da-4112-4d22-9fe7-a6523fa14d7a,36,Student,Delhi,272336,35,Medium
32b05b31-9d0a-4cba-a8ad-a07e38bc0ca0,38,Self-employed,Pune,42877,119,Low
c0eac4ad-1d7c-4018-a6b6-20713b28a34a,54,Student,Bengaluru,162878,176,High
1ac52708-0e3e-48d1-a030-1dbc2ef7a41a,43,Self-employed,Delhi,186389,99,Low
0817bb50-edb4-4b47-a818-aa744c4edce6,24,Student,Delhi,72221,98,High
b9201a49-3872-428a-aed7-7e2800b49b1a,26,Student,Chennai,108078,37,Medium
cc085b8a-7ae6-46dc-b442-527e2cff8da9,38,Student,Hyderabad,250113,20,Medium
b0a7daab-37f4-458a-8411-9de71f5c88f3,52,Salaried,Hyderabad,65599,11,Medium
0831f35a-45eb-4194-853a-fa912b577693,23,Salaried,Delhi,83207,111,Low
ec25cb30-e146-45d5-82e5-3d3799083d7c,37,Student,Chennai,149794,101,Low
3db6f31b-b095-4de1-821d-6cbcb6842ab3,24,Self-employed,Pune,225307,86,Low
45ef0368-e47e-49d2-b205-1fe82f08a8ae,42,Business,Pune,74807,40,Low
9856fe87-21cd-4b5f-9725-3be48ba52b35,42,Salaried,Mumbai,297579,117,High
74de1300-c344-4a6a-b928-a8dd5d3c33ec,33,Student,Chennai,269730,8,Medium
3cdde6a5-2362-4daf-81ca-7f0669afecdc,32,Freelancer,Mumbai,290848,92,Low
b4fb06db-e401-49dd-9650-8c04e2cb6629,53,Self-employed,Delhi,255909,23,High
cf5cf033-d706-4341-b8ee-c992b2b7088d,29,Business,Chennai,127752,28,High
9edfd109-6ce2-4476-a445-e091ece9b619,39,Business,Hyderabad,93537,130,High
8ff7bec1-4aae-4abb-95c5-5d71b39ce4fd,25,Salaried,Bengaluru,100166,52,High
8eb7d99e-82d6-4ee3-9fe8-d5e5141fa269,48,Business,Mumbai,209840,117,Low
96907f39-fa78-4824-b829-e404a5e960b6,50,Business,Mumbai,81253,124,Medium
020451dc-ef85-485f-85b0-f85f245565af,45,Self-employed,Chennai,152854,83,High
7e57f8d2-6c99-44f8-ac0d-a3e30c69a25c,54,Student,Bengaluru,154379,15,Medium
88b74062-eb89-4d11-965f-799570c49fba,31,Freelancer,Delhi,221946,16,Low
b1a3f7f4-6cf3-41c2-92e0-4b0e8a10285c,27,Freelancer,Delhi,55149,131,High
f730a1cc-9ba3-4bfd-ac9e-1ade0ea78743,22,Freelancer,Mumbai,20695,81,Low
92cbd75d-c756-4910-9597-45eca667d5ca,38,Self-employed,Chennai,193296,59,Low
911dbba0-9ea8-4d39-a1fd-34314d8be905,38,Student,Pune,201098,95,Medium
7abb7ae7-450f-4584-8c22-9ae0958fbc73,32,Salaried,Chennai,94211,82,Medium
5e52805c-45be-4081-bf50-e72044a5a22f,59,Self-employed,Mumbai,242203,135,Medium
5ace4a0a-317f-4f22-a9f8-ca37616fd749,28,Salaried,Chennai,150758,12,Low
8ea19813-8e3d-42e5-adde-fdbab5b915c6,60,Business,Bengaluru,46422,129,High
7d0b1755-e12e-4f1d-b406-aa536f003958,37,Self-employed,Hyderabad,43202,68,Low
8264c210-c6bc-412b-900c-9b99ccefbf04,56,Salaried,Chennai,228456,13,Low
b4255464-fa21-4702-b972-e5a060047d93,56,Business,Pune,118119,33,High
5a3916ff-157c-458f-a9af-e1fd365262a5,49,Business,Bengaluru,109837,81,High
54708db2-92eb-42ad-923a-cf980e8dc2f8,43,Self-employed,Chennai,138805,149,High
cd26dfe9-cd77-4bc4-8c96-2eb4b5507ac3,27,Student,Delhi,130657,129,High
b8eca998-8410-4645-bc55-b9384f13f49a,57,Freelancer,Bengaluru,245780,34,Medium
480512cd-a9c1-4aa5-ab89-3b299bff99f5,35,Self-employed,Mumbai,232282,179,Medium
3af986fc-9d2b-49a6-afb9-e94f2ec96b46,39,Student,Mumbai,135243,111,Low
9fe4906f-6af6-45cd-bfe8-a40b607a8afc,57,Business,Chennai,68311,32,Medium
ccbabea1-0bf9-46a8-98ea-d8a31fea5bd8,49,Business,Hyderabad,169934,153,Medium
1b04ad22-3a19-4b7f-985a-6fc441043094,26,Salaried,Mumbai,95152,68,Low
b893a2b4-8a15-4097-ab3f-dee94e55da9c,42,Student,Mumbai,18969,21,Medium
9f77bf11-3504-47e4-86b7-d4080eb0acd2,25,Self-employed,Bengaluru,145193,105,Medium
ac7f9c26-0aa3-4f07-92ce-94d077159284,39,Student,Chennai,293572,39,Low
19225013-350f-421f-856b-82192dd3bb9a,49,Salaried,Hyderabad,272450,105,Low
06c33b27-7c82-4b2d-ad60-9a13cf4e0a83,56,Freelancer,Mumbai,146763,78,Medium
774dcd03-bc15-479b-8001-36316311cb65,39,Student,Delhi,72062,43,Low
2e3deeee-c351-480e-ab8a-c5300b0a4ab2,35,Business,Chennai,242909,153,High
9d41eccf-ec0f-46e5-9035-5b1e0f1f44a2,24,Student,Hyderabad,229303,55,Medium
e1edddd0-8d6b-477c-9b8f-292ea622f2af,25,Salaried,Mumbai,98793,153,Medium
70765e20-8980-4b96-be05-25978c7cdf57,31,Self-employed,Chennai,74222,170,Medium
053886bd-d634-4ba4-a20c-03a39acfa86f,24,Freelancer,Mumbai,41553,49,High
d099b5c7-a02c-4ec3-83f4-f811450a20ee,33,Freelancer,Hyderabad,242105,47,Low
1538c8ed-748c-44a4-8aeb-df7d235d2af4,24,Business,Hyderabad,90910,152,Medium
e01a6039-ab4c-4aac-a22b-074218ebdb83,41,Student,Pune,222288,164,Medium
321fa04d-1e88-4a21-aa9a-20242f74dfed,51,Self-employed,Chennai,61418,37,Low
5db8ea28-a11c-468a-975f-04e74ccfde12,30,Student,Chennai,37337,135,High
88b6731a-674b-4105-adef-6f164bdfef2e,52,Salaried,Mumbai,113064,149,High
78c5fa41-ac68-4b49-8f0d-94a7d17ebdd6,44,Student,Mumbai,261686,134,Medium
b1ea526b-3e5c-46d1-8dc7-e6b675fed0c0,41,Student,Chennai,118306,9,High
60afc411-0758-4bab-b742-101b73930c0b,46,Student,Delhi,198622,116,High
1ae54259-593f-409c-bf37-6ce47662a085,32,Student,Hyderabad,105417,100,Medium
c32615df-9d12-41d1-b0ad-56e4d323074c,53,Self-employed,Hyderabad,26984,97,High
012e8c93-c4eb-4f04-a2cb-c78713aa12a3,21,Business,Chennai,284279,52,Medium
96c56699-b711-480f-bd88-393be398708e,27,Freelancer,Pune,167756,135,Medium
c08432f6-f46f-466b-8b50-94f7d349c0c0,44,Freelancer,Bengaluru,241921,9,Medium
d970e7b3-460e-455f-b55d-117eb792d0c2,39,Self-employed,Pune,270083,159,High
48af3125-9181-4827-9757-85a8b0a15ccc,31,Student,Mumbai,124863,17,Low
42ada270-411e-4649-8a41-92f49706b7e9,47,Student,Hyderabad,195418,118,High
485dca17-9864-49bb-b551-c57fc5851cb6,36,Salaried,Hyderabad,18009,135,High
803331c5-d137-44b2-8185-5e71b70243c3,50,Self-employed,Delhi,194515,89,Low
bdeca877-fb28-4a0a-9390-88cd3768b428,48,Freelancer,Mumbai,203069,30,High
7543bd8b-a73d-4fb9-82a5-118a05b7da5e,53,Student,Mumbai,257471,82,Low
9b80b99f-be74-4b0b-9253-bc35428ddf0a,57,Self-employed,Pune,48783,27,Low
34d08827-013c-4c7a-b5d7-c71c336a0d1b,40,Student,Bengaluru,269136,112,Medium
eb789a6b-9364-4263-95a7-c2ce573878d1,36,Freelancer,Pune,176050,167,Low
c45d1a5a-b731-4417-b91f-70b45ca93786,45,Freelancer,Bengaluru,69745,71,High
1fbf3eca-07bc-4bd7-86c5-76b022061747,29,Business,Pune,282687,81,High
b68af4ff-8e05-440f-a8e2-ca1cf087a646,29,Freelancer,Pune,66033,15,Medium
a9d6cb62-de9b-4714-ac5a-3b8571242edd,54,Freelancer,Pune,254455,25,Low
36251faa-94d6-4282-babd-33772f10b14a,22,Student,Pune,218814,70,Low
6a0ece35-e7f6-49e5-8382-786b08bd2920,56,Business,Delhi,227603,157,Medium
16937be4-85b4-4f7f-b774-849d2f7b594c,47,Student,Chennai,209549,135,High
beb8bf6a-6bff-48d0-827b-946c01b60d16,34,Business,Hyderabad,41270,34,Medium
66000375-a0d6-480e-9c1b-f3e164b47ba9,57,Freelancer,Chennai,29859,161,Low
44cf367e-2cfa-43e9-863b-31b78da88605,59,Salaried,Mumbai,47083,29,Medium
7edaec8f-8771-4e83-8223-1013a4d4ce3b,34,Student,Chennai,264737,106,Medium
828ef39a-b703-4121-a9e5-8752d8129432,34,Salaried,Pune,205167,167,High
b1232eb4-421f-48d1-bbe0-f706abaf072e,32,Business,Chennai,151319,155,Low
417b2939-3ec4-41a2-828b-39979164b860,56,Student,Pune,151645,178,High
6d118059-4c81-4e14-8fd0-67d3dc2bd929,42,Self-employed,Delhi,94267,132,Medium
1d90da8a-b772-4f37-88ce-cacc889fea47,56,Salaried,Pune,146004,101,High
0d2d7079-b4d1-4201-9b36-ddaf31feed56,56,Business,Bengaluru,42564,153,Low
da8aada0-0e93-4ef0-99e6-94b970a1ee24,58,Student,Delhi,22697,156,Medium
2c3e308d-3405-487d-8ccf-73f3dc520c5e,36,Student,Mumbai,72823,154,High
c9dde2f2-d95d-4faa-a670-50ad0f451a5f,34,Self-employed,Delhi,206591,145,Low
15c67992-ccd8-4b63-bc5c-cde0df8e31eb,37,Self-employed,Hyderabad,204327,92,High
914cc92e-7b30-4993-bf38-430f6966ba24,27,Student,Delhi,272165,51,Medium
cd55046c-45f7-46a6-ad2d-14ad69138925,35,Salaried,Bengaluru,250295,49,Low
aa3ce1de-e28e-43f9-b209-a57a050f10e0,54,Salaried,Mumbai,272424,10,Low
2ff91bdc-5c2b-499d-a76b-a6112e647583,47,Freelancer,Mumbai,189188,121,Medium
8d2123f4-2a3b-4704-985f-3d25e6e1206c,60,Self-employed,Mumbai,38382,128,Low
6f97f5f0-1f3d-447e-b2a1-4714d0daaa69,53,Self-employed,Mumbai,249318,36,Medium
d1bddcd6-478b-4c9e-89ac-94e4cc88a67f,48,Student,Pune,138664,88,Low
e27fedf2-67ed-430c-9ea0-bed77f8fe56d,43,Business,Delhi,118533,37,Medium
3a2fd5d9-682a-4f5c-bfdd-c6107bb1043f,49,Salaried,Delhi,259936,75,Low
d6fe33bd-03cf-4fea-96ab-e24a22f6211c,45,Self-employed,Pune,24726,100,High
2b2abfdd-c8c9-4d10-8ff7-6b35d7c888d6,25,Self-employed,Pune,49753,94,High
bbfbd701-7df5-4681-9e92-9aa24d643b56,21,Freelancer,Delhi,45791,177,High
049c6cdc-0779-4b53-9d70-9326cff53780,59,Business,Pune,88290,59,Medium
6a9b0c1f-adbe-4fe2-a26a-6263bfcb8eda,31,Business,Chennai,65519,162,Low
